,League,Team,Name,Position,Age,Height,Weight,BMI
0,EPL,Arsenal,Bernd Leno,Goalkeeper,28,75,183,22.870933333333333
1,EPL,Arsenal,Emiliano Martínez,Goalkeeper,27,77,194,23.002529937594872
2,EPL,Arsenal,Héctor Bellerín,Defender,25,70,163,23.385510204081633
3,EPL,Arsenal,Calum Chambers,Defender,25,72,146,19.798996913580247
4,EPL,Arsenal,Rob Holding,Defender,24,72,165,22.375578703703702
5,EPL,Arsenal,Pablo Marí,Defender,26,75,192,23.995733333333334
6,EPL,Arsenal,Sokratis Sokratis,Defender,31,73,187,24.668981047100768
7,EPL,Arsenal,Dani Ceballos,Midfielder,23,70,157,22.52469387755102
8,EPL,Arsenal,Ainsley Maitland-Niles,Midfielder,22,70,157,22.52469387755102
9,EPL,Arsenal,Reiss Nelson,Midfielder,20,69,157,23.18231463978156
10,EPL,Arsenal,Lucas Torreira,Midfielder,24,66,141,22.755509641873278
11,EPL,Arsenal,Granit Xhaka,Midfielder,27,72,181,24.545331790123456
12,EPL,Arsenal,Pierre-Emerick Aubameyang,Forward,30,74,163,20.925675675675677
13,EPL,Arsenal,Eddie Nketiah,Forward,21,69,154,22.73934047469019
14,EPL,Arsenal,Bukayo Saka,Forward,18,70,143,20.51612244897959
15,EPL,Arsenal,Matt Macey,Goalkeeper,25,79,179,20.162954654702773
16,EPL,Arsenal,Cédric Soares,Defender,28,68,148,22.500865051903116
17,EPL,Arsenal,David Luiz,Defender,33,74,185,23.75
18,EPL,Arsenal,Sead Kolasinac,Defender,26,72,187,25.358989197530864
19,EPL,Arsenal,Shkodran Mustafi,Defender,28,72,181,24.545331790123456
20,EPL,Arsenal,Kieran Tierney,Defender,22,70,154,22.094285714285714
21,EPL,Arsenal,Mattéo Guendouzi,Midfielder,21,73,150,19.787952711578157
22,EPL,Arsenal,Gabriel Martinelli,Midfielder,18,71,165,23.01031541360841
23,EPL,Arsenal,Mesut Özil,Midfielder,31,71,154,21.476294386034517
24,EPL,Arsenal,Joe Willock,Midfielder,20,70,157,22.52469387755102
25,EPL,Arsenal,Alexandre Lacazette,Forward,29,69,161,23.77294685990338
26,EPL,Arsenal,Nicolas Pépé,Forward,25,72,161,21.833140432098766
27,EPL,Aston Villa,Tom Heaton,Goalkeeper,34,74,187,24.006756756756758
28,EPL,Aston Villa,Pepe Reina,Goalkeeper,37,74,203,26.06081081081081
29,EPL,Aston Villa,Björn Engels,Defender,25,76,183,22.273026315789473
30,EPL,Aston Villa,Kortney Hause,Defender,24,74,185,23.75
31,EPL,Aston Villa,Tyrone Mings,Defender,27,75,170,21.246222222222222
32,EPL,Aston Villa,Neil Taylor,Defender,31,69,141,20.819785759294266
33,EPL,Aston Villa,Douglas Luiz,Midfielder,22,70,143,20.51612244897959
34,EPL,Aston Villa,Ahmed Elmohamady,Midfielder,32,72,179,24.274112654320987
35,EPL,Aston Villa,Conor Hourihane,Midfielder,29,71,137,19.10553461614759
36,EPL,Aston Villa,Henri Lansbury,Midfielder,29,72,187,25.358989197530864
37,EPL,Aston Villa,Marvelous Nakamba,Midfielder,26,70,157,22.52469387755102
38,EPL,Aston Villa,Borja Bastón,Forward,27,75,181,22.620977777777778
39,EPL,Aston Villa,Anwar El Ghazi,Forward,25,74,168,21.56756756756757
40,EPL,Aston Villa,Wesley,Forward,23,75,205,25.620444444444445
41,EPL,Aston Villa,Orjan Nyland,Goalkeeper,29,76,172,20.93421052631579
42,EPL,Aston Villa,Jed Steer,Goalkeeper,27,74,196,25.16216216216216
43,EPL,Aston Villa,Frédéric Guilbert,Defender,25,70,154,22.094285714285714
44,EPL,Aston Villa,Ezri Konsa,Defender,22,72,170,23.053626543209877
45,EPL,Aston Villa,Matt Targett,Defender,24,72,154,20.883873456790123
46,EPL,Aston Villa,Danny Drinkwater,Midfielder,30,70,174,24.963673469387754
47,EPL,Aston Villa,Jack Grealish,Midfielder,24,69,150,22.14870825456837
48,EPL,Aston Villa,Jota,Midfielder,28,71,148,20.639555643721483
49,EPL,Aston Villa,John McGinn,Midfielder,25,69,150,22.14870825456837
50,EPL,Aston Villa,Mahmoud Trezeguet,Midfielder,25,71,170,23.70759769886927
51,EPL,Aston Villa,Keinan Davis,Forward,22,66,150,24.207988980716255
52,EPL,Aston Villa,Mbwana Samatta,Forward,27,71,154,21.476294386034517
53,EPL,BHA,David Button,Goalkeeper,31,75,192,23.995733333333334
54,EPL,BHA,Jason Steele,Goalkeeper,29,75,174,21.746133333333333
55,EPL,BHA,Bernardo,Defender,25,73,168,22.162507036967536
56,EPL,BHA,Shane Duffy,Defender,28,76,168,20.44736842105263
57,EPL,BHA,Ezequiel Schelotto,Defender,31,74,174,22.33783783783784
58,EPL,BHA,Steven Alzate,Midfielder,21,70,143,20.51612244897959
59,EPL,BHA,Andrew Crofts,Midfielder,36,69,161,23.77294685990338
60,EPL,BHA,Beram Kayal,Midfielder,32,70,163,23.385510204081633
61,EPL,BHA,Solly March,Midfielder,25,71,194,27.054552668121403
62,EPL,BHA,Davy Pröpper,Midfielder,28,73,159,20.97522987427285
63,EPL,BHA,Aaron Connolly,Forward,20,69,161,23.77294685990338
64,EPL,BHA,Alireza Jahanbakhsh,Forward,26,71,170,23.70759769886927
65,EPL,BHA,Glenn Murray,Forward,36,72,176,23.867283950617285
66,EPL,BHA,Mathew Ryan,Goalkeeper,28,72,181,24.545331790123456
67,EPL,BHA,Dan Burn,Defender,28,78,192,22.185404339250493
68,EPL,BHA,Lewis Dunk,Defender,28,76,194,23.611842105263158
69,EPL,BHA,Martín Montoya,Defender,29,69,161,23.77294685990338
70,EPL,BHA,Adam Webster,Defender,25,75,165,20.621333333333332
71,EPL,BHA,Yves Bissouma,Midfielder,23,72,176,23.867283950617285
72,EPL,BHA,Pascal Groß,Midfielder,28,71,172,23.986510612973618
73,EPL,BHA,Alexis Mac Allister,Midfielder,21,69,154,22.73934047469019
74,EPL,BHA,Aaron Mooy,Midfielder,29,68,159,24.173226643598618
75,EPL,BHA,Dale Stephens,Midfielder,30,67,157,24.58699042102918
76,EPL,BHA,José Izquierdo,Forward,27,67,161,25.213410559144577
77,EPL,BHA,Neal Maupay,Forward,23,67,152,23.80396524838494
78,EPL,BHA,Leandro Trossard,Forward,25,68,170,25.845588235294116
79,EPL,Bournemouth,Artur Boruc,Goalkeeper,40,76,192,23.36842105263158
80,EPL,Bournemouth,Mark Travers,Goalkeeper,21,75,181,22.620977777777778
81,EPL,Bournemouth,Nathan Aké,Defender,25,71,165,23.01031541360841
82,EPL,Bournemouth,Charlie Daniels,Defender,33,70,165,23.672448979591838
83,EPL,Bournemouth,Lloyd Kelly,Defender,21,75,154,19.246577777777777
84,EPL,Bournemouth,Diego Rico,Defender,27,71,165,23.01031541360841
85,EPL,Bournemouth,Adam Smith,Defender,29,71,172,23.986510612973618
86,EPL,Bournemouth,Philip Billing,Midfielder,23,76,176,21.42105263157895
87,EPL,Bournemouth,Lewis Cook,Midfielder,23,69,157,23.18231463978156
88,EPL,Bournemouth,Dan Gosling,Midfielder,30,72,174,23.596064814814813
89,EPL,Bournemouth,Junior Stanislas,Midfielder,30,72,168,22.78240740740741
90,EPL,Bournemouth,Kyle Taylor,Midfielder,21,70,154,22.094285714285714
91,EPL,Bournemouth,Arnaut Danjuma,Forward,23,70,163,23.385510204081633
92,EPL,Bournemouth,Dominic Solanke,Forward,22,73,165,21.76674798273597
93,EPL,Bournemouth,Callum Wilson,Forward,28,71,146,20.36064272961714
94,EPL,Bournemouth,Aaron Ramsdale,Goalkeeper,22,74,170,21.824324324324323
95,EPL,Bournemouth,Steve Cook,Defender,29,73,181,23.877462938637642
96,EPL,Bournemouth,Simon Francis,Defender,35,72,198,26.850694444444443
97,EPL,Bournemouth,Chris Mepham,Defender,22,75,165,20.621333333333332
98,EPL,Bournemouth,Jack Simpson,Defender,23,70,183,26.254897959183673
99,EPL,Bournemouth,David Brooks,Midfielder,22,65,137,22.79550295857988
100,EPL,Bournemouth,Ryan Fraser,Midfielder,26,64,154,26.43115234375
101,EPL,Bournemouth,Jordon Ibe,Midfielder,24,69,179,26.430791850451588
102,EPL,Bournemouth,Jefferson Lerma,Midfielder,25,70,154,22.094285714285714
103,EPL,Bournemouth,Jack Stacey,Midfielder,24,71,150,20.91846855782583
104,EPL,Bournemouth,Andrew Surman,Midfielder,33,70,161,23.09857142857143
105,EPL,Bournemouth,Harry Wilson,Midfielder,23,68,154,23.413062283737023
106,EPL,Bournemouth,Joshua King,Forward,28,71,163,22.731402499504068
107,EPL,Bournemouth,Sam Surridge,Forward,21,75,170,21.246222222222222
108,EPL,Burnley,Joe Hart,Goalkeeper,33,77,201,23.83251813121943
109,EPL,Burnley,Bailey Peacock-Farrell,Goalkeeper,23,76,161,19.595394736842106
110,EPL,Burnley,Phil Bardsley,Defender,34,71,163,22.731402499504068
111,EPL,Burnley,Ali Koiki,Defender,20,74,154,19.77027027027027
112,EPL,Burnley,Matthew Lowton,Defender,30,71,172,23.986510612973618
113,EPL,Burnley,Erik Pieters,Defender,31,72,183,24.816550925925927
114,EPL,Burnley,Charlie Taylor,Defender,26,69,154,22.73934047469019
115,EPL,Burnley,Robbie Brady,Midfielder,28,69,157,23.18231463978156
116,EPL,Burnley,Jack Cork,Midfielder,30,72,154,20.883873456790123
117,EPL,Burnley,Johann Berg Gudmundsson,Midfielder,29,70,170,24.389795918367348
118,EPL,Burnley,Aaron Lennon,Midfielder,33,65,139,23.128284023668638
119,EPL,Burnley,Ashley Barnes,Forward,30,73,170,22.426346406455245
120,EPL,Burnley,Jay Rodríguez,Forward,30,73,176,23.21786451491837
121,EPL,Burnley,Chris Wood,Forward,28,75,179,22.371022222222223
122,EPL,Burnley,Adam Legzdins,Goalkeeper,33,75,172,21.496177777777778
123,EPL,Burnley,Nick Pope,Goalkeeper,28,75,168,20.996266666666667
124,EPL,Burnley,Ben Gibson,Defender,27,73,172,22.690185775942954
125,EPL,Burnley,Kevin Long,Defender,29,74,183,23.493243243243242
126,EPL,Burnley,Ben Mee,Defender,30,71,163,22.731402499504068
127,EPL,Burnley,James Tarkowski,Defender,27,73,179,23.613623569149933
128,EPL,Burnley,Josh Brownhill,Midfielder,24,70,152,21.80734693877551
129,EPL,Burnley,Jeff Hendrick,Midfielder,28,73,174,22.954025145430663
130,EPL,Burnley,Ashley Westwood,Midfielder,30,69,179,26.430791850451588
131,EPL,Burnley,Dwight McNeil,Forward,20,72,150,20.341435185185187
132,EPL,Burnley,Matej Vydra,Forward,28,71,157,21.894663757191033
133,EPL,Chelsea,Willy Caballero,Goalkeeper,38,73,176,23.21786451491837
134,EPL,Chelsea,Marcos Alonso,Defender,29,74,185,23.75
135,EPL,Chelsea,Andreas Christensen,Defender,24,76,187,22.75986842105263
136,EPL,Chelsea,Antonio Rüdiger,Defender,27,75,187,23.370844444444444
137,EPL,Chelsea,Kurt Zouma,Defender,25,75,203,25.37048888888889
138,EPL,Chelsea,Lewis Baker,Midfielder,25,72,159,21.561921296296298
139,EPL,Chelsea,Jorginho,Midfielder,28,71,143,19.94227335846062
140,EPL,Chelsea,Mateo Kovacic,Midfielder,26,70,172,24.676734693877552
141,EPL,Chelsea,Mason Mount,Midfielder,21,69,141,20.819785759294266
142,EPL,Chelsea,Pedro,Midfielder,32,67,143,22.394519937625308
143,EPL,Chelsea,Willian,Midfielder,31,69,170,25.101869355177485
144,EPL,Chelsea,Tammy Abraham,Forward,22,75,159,19.871466666666667
145,EPL,Chelsea,Michy Batshuayi,Forward,26,73,172,22.690185775942954
146,EPL,Chelsea,Olivier Giroud,Forward,33,76,201,24.463815789473685
147,EPL,Chelsea,Kepa,Goalkeeper,25,74,185,23.75
148,EPL,Chelsea,César Azpilicueta,Defender,30,70,172,24.676734693877552
149,EPL,Chelsea,Emerson,Defender,25,69,139,20.524469649233353
150,EPL,Chelsea,Reece James,Defender,20,72,181,24.545331790123456
151,EPL,Chelsea,Fikayo Tomori,Defender,22,73,170,22.426346406455245
152,EPL,Chelsea,Ross Barkley,Midfielder,26,73,168,22.162507036967536
153,EPL,Chelsea,Callum Hudson-Odoi,Midfielder,19,72,165,22.375578703703702
154,EPL,Chelsea,N'Golo Kanté,Midfielder,29,66,154,24.853535353535353
155,EPL,Chelsea,Ruben Loftus-Cheek,Midfielder,24,75,161,20.121422222222222
156,EPL,Chelsea,Christian Pulisic,Midfielder,21,68,152,23.108996539792386
157,EPL,Crystal Palace,Vicente Guaita,Goalkeeper,33,75,176,21.996088888888888
158,EPL,Crystal Palace,Wayne Hennessey,Goalkeeper,33,78,198,22.87869822485207
159,EPL,Crystal Palace,Gary Cahill,Defender,34,75,187,23.370844444444444
160,EPL,Crystal Palace,Martin Kelly,Defender,30,75,170,21.246222222222222
161,EPL,Crystal Palace,Mamadou Sakho,Defender,30,74,176,22.594594594594593
162,EPL,Crystal Palace,James Tomkins,Defender,31,76,163,19.838815789473685
163,EPL,Crystal Palace,Joel Ward,Defender,30,74,183,23.493243243243242
164,EPL,Crystal Palace,Nya Kirby,Midfielder,20,69,146,21.558076034446543
165,EPL,Crystal Palace,James McArthur,Midfielder,32,70,141,20.22918367346939
166,EPL,Crystal Palace,Max Meyer,Midfielder,24,68,148,22.500865051903116
167,EPL,Crystal Palace,Wilfried Zaha,Midfielder,27,71,146,20.36064272961714
168,EPL,Crystal Palace,Jordan Ayew,Forward,28,72,179,24.274112654320987
169,EPL,Crystal Palace,Cenk Tosun,Forward,28,72,172,23.324845679012345
170,EPL,Crystal Palace,Stephen Henderson,Goalkeeper,32,74,192,24.64864864864865
171,EPL,Crystal Palace,Dion Henry,Goalkeeper,22,71,143,19.94227335846062
172,EPL,Crystal Palace,Scott Dann,Defender,33,74,172,22.08108108108108
173,EPL,Crystal Palace,Jairo Riedewald,Defender,23,72,174,23.596064814814813
174,EPL,Crystal Palace,Jeffrey Schlupp,Defender,27,70,159,22.811632653061224
175,EPL,Crystal Palace,Patrick van Aanholt,Defender,29,69,148,21.853392144507456
176,EPL,Crystal Palace,Cheikhou Kouyaté,Midfielder,30,74,165,21.18243243243243
177,EPL,Crystal Palace,James McCarthy,Midfielder,29,71,159,22.17357667129538
178,EPL,Crystal Palace,Luka Milivojevic,Midfielder,29,73,176,23.21786451491837
179,EPL,Crystal Palace,Andros Townsend,Midfielder,28,71,170,23.70759769886927
180,EPL,Crystal Palace,Christian Benteke,Forward,29,75,183,22.870933333333333
181,EPL,Everton,Jordan Pickford,Goalkeeper,26,73,159,20.97522987427285
182,EPL,Everton,João Virgínia,Goalkeeper,20,75,176,21.996088888888888
183,EPL,Everton,Leighton Baines,Defender,35,67,154,24.117175317442637
184,EPL,Everton,Lucas Digne,Defender,26,70,163,23.385510204081633
185,EPL,Everton,Mason Holgate,Defender,23,71,139,19.384447530251933
186,EPL,Everton,Cuco Martina,Defender,30,73,170,22.426346406455245
187,EPL,Everton,Djibril Sidibé,Defender,27,72,179,24.274112654320987
188,EPL,Everton,Beni Baningime,Midfielder,21,70,154,22.094285714285714
189,EPL,Everton,Tom Davies,Midfielder,21,71,154,21.476294386034517
190,EPL,Everton,Jean-Philippe Gbamin,Midfielder,24,73,183,24.14130230812535
191,EPL,Everton,Alex Iwobi,Midfielder,24,73,190,25.064740101332333
192,EPL,Everton,Gylfi Sigurdsson,Midfielder,30,73,181,23.877462938637642
193,EPL,Everton,Dominic Calvert-Lewin,Forward,23,69,141,20.819785759294266
194,EPL,Everton,Moise Kean,Forward,20,72,159,21.561921296296298
195,EPL,Everton,Richarlison,Forward,23,70,157,22.52469387755102
196,EPL,Everton,Maarten Stekelenburg,Goalkeeper,37,78,203,23.456443129520054
197,EPL,Everton,Seamus Coleman,Defender,31,76,148,18.013157894736842
198,EPL,Everton,Michael Keane,Defender,27,75,181,22.620977777777778
199,EPL,Everton,Yerry Mina,Defender,25,76,209,25.4375
200,EPL,Everton,Bernard,Midfielder,27,65,115,19.13491124260355
201,EPL,Everton,Fabian Delph,Midfielder,30,69,172,25.397185465238394
202,EPL,Everton,André Gomes,Midfielder,26,74,185,23.75
203,EPL,Everton,Morgan Schneiderlin,Midfielder,30,71,165,23.01031541360841
204,EPL,Everton,Oumar Niasse,Forward,30,72,181,24.545331790123456
205,EPL,Everton,Theo Walcott,Forward,31,69,150,22.14870825456837
206,EPL,Leicester,Eldin Jakupovic,Goalkeeper,35,75,187,23.370844444444444
207,EPL,Leicester,Danny Ward,Goalkeeper,26,76,194,23.611842105263158
208,EPL,Leicester,Ryan Bennett,Defender,30,74,198,25.41891891891892
209,EPL,Leicester,Jonny Evans,Defender,32,74,170,21.824324324324323
210,EPL,Leicester,Wes Morgan,Defender,36,74,223,28.62837837837838
211,EPL,Leicester,Caglar Söyüncü,Defender,24,74,181,23.236486486486488
212,EPL,Leicester,Marc Albrighton,Midfielder,30,69,163,24.068262969964294
213,EPL,Leicester,Harvey Barnes,Midfielder,22,71,146,20.36064272961714
214,EPL,Leicester,Demarai Gray,Midfielder,23,71,163,22.731402499504068
215,EPL,Leicester,James Justin,Midfielder,22,72,157,21.290702160493826
216,EPL,Leicester,Nampalys Mendy,Midfielder,27,66,150,24.207988980716255
217,EPL,Leicester,Dennis Praet,Midfielder,26,71,172,23.986510612973618
218,EPL,Leicester,Youri Tielemans,Midfielder,23,69,159,23.47763074984247
219,EPL,Leicester,Fousseni Diabaté,Forward,24,69,146,21.558076034446543
220,EPL,Leicester,Ayoze Pérez,Forward,26,70,146,20.9465306122449
221,EPL,Leicester,Kasper Schmeichel,Goalkeeper,33,75,203,25.37048888888889
222,EPL,Leicester,Ben Chilwell,Defender,23,70,170,24.389795918367348
223,EPL,Leicester,Christian Fuchs,Defender,34,74,196,25.16216216216216
224,EPL,Leicester,Ricardo Pereira,Defender,26,69,154,22.73934047469019
225,EPL,Leicester,Daniel Amartey,Midfielder,25,73,174,22.954025145430663
226,EPL,Leicester,Hamza Choudhury,Midfielder,22,70,141,20.22918367346939
227,EPL,Leicester,Matty James,Midfielder,28,71,190,26.496726839912714
228,EPL,Leicester,James Maddison,Midfielder,23,69,161,23.77294685990338
229,EPL,Leicester,Wilfred Ndidi,Midfielder,23,72,161,21.833140432098766
230,EPL,Leicester,Adrien Silva,Midfielder,31,69,159,23.47763074984247
231,EPL,Leicester,Kelechi Iheanacho,Forward,24,72,176,23.867283950617285
232,EPL,Leicester,Jamie Vardy,Forward,33,70,176,25.250612244897958
233,EPL,Liverpool,Adrián,Goalkeeper,33,75,176,21.996088888888888
234,EPL,Liverpool,Caoimhin Kelleher,Goalkeeper,21,71,163,22.731402499504068
235,EPL,Liverpool,Trent Alexander-Arnold,Defender,21,69,154,22.73934047469019
236,EPL,Liverpool,Nathaniel Clyne,Defender,29,69,148,21.853392144507456
237,EPL,Liverpool,Joe Gomez,Defender,23,73,170,22.426346406455245
238,EPL,Liverpool,Dejan Lovren,Defender,30,74,185,23.75
239,EPL,Liverpool,Andrew Robertson,Defender,26,70,141,20.22918367346939
240,EPL,Liverpool,Virgil van Dijk,Defender,28,76,203,24.707236842105264
241,EPL,Liverpool,Pedro Chirivella,Midfielder,23,70,154,22.094285714285714
242,EPL,Liverpool,Curtis Jones,Midfielder,19,72,150,20.341435185185187
243,EPL,Liverpool,Adam Lallana,Midfielder,32,68,161,24.47729238754325
244,EPL,Liverpool,James Milner,Midfielder,34,69,154,22.73934047469019
245,EPL,Liverpool,Xherdan Shaqiri,Midfielder,28,65,172,28.619171597633137
246,EPL,Liverpool,Harvey Elliott,Forward,17,67,163,25.526620628202274
247,EPL,Liverpool,Takumi Minamino,Forward,25,69,148,21.853392144507456
248,EPL,Liverpool,Mohamed Salah,Forward,27,69,157,23.18231463978156
249,EPL,Liverpool,Alisson,Goalkeeper,27,76,201,24.463815789473685
250,EPL,Liverpool,Andy Lonergan,Goalkeeper,36,76,192,23.36842105263158
251,EPL,Liverpool,Fabinho,Defender,26,74,172,22.08108108108108
252,EPL,Liverpool,Yasser Larouci,Defender,19,69,150,22.14870825456837
253,EPL,Liverpool,Joel Matip,Defender,28,77,198,23.476808905380334
254,EPL,Liverpool,Nathaniel Phillips,Defender,23,74,154,19.77027027027027
255,EPL,Liverpool,Sepp van den Berg,Defender,18,74,172,22.08108108108108
256,EPL,Liverpool,Jordan Henderson,Midfielder,29,72,181,24.545331790123456
257,EPL,Liverpool,Naby Keïta,Midfielder,25,68,141,21.436634948096884
258,EPL,Liverpool,Alex Oxlade-Chamberlain,Midfielder,26,71,154,21.476294386034517
259,EPL,Liverpool,Georginio Wijnaldum,Midfielder,29,69,163,24.068262969964294
260,EPL,Liverpool,Roberto Firmino,Forward,28,71,168,23.42868478476493
261,EPL,Liverpool,Sadio Mané,Forward,28,69,152,22.44402436462928
262,EPL,Liverpool,Divock Origi,Forward,25,73,165,21.76674798273597
263,EPL,MCFC,Claudio Bravo,Goalkeeper,37,72,176,23.867283950617285
264,EPL,MCFC,Ederson,Goalkeeper,26,74,185,23.75
265,EPL,MCFC,João Cancelo,Defender,26,72,159,21.561921296296298
266,EPL,MCFC,Aymeric Laporte,Defender,26,74,187,24.006756756756758
267,EPL,MCFC,Nicolás Otamendi,Defender,32,71,183,25.52053164054751
268,EPL,MCFC,John Stones,Defender,26,74,159,20.41216216216216
269,EPL,MCFC,Kevin De Bruyne,Midfielder,28,71,154,21.476294386034517
270,EPL,MCFC,Fernandinho,Midfielder,35,70,154,22.094285714285714
271,EPL,MCFC,Ilkay Gündogan,Midfielder,29,71,174,24.26542352707796
272,EPL,MCFC,Rodri Hernandez Cascante,Midfielder,23,75,176,21.996088888888888
273,EPL,MCFC,Leroy Sané,Midfielder,24,72,165,22.375578703703702
274,EPL,MCFC,David Silva,Midfielder,34,67,148,23.17754511026955
275,EPL,MCFC,Oleksandr Zinchenko,Midfielder,23,69,134,19.786179374081076
276,EPL,MCFC,Sergio Agüero,Forward,31,68,176,26.757785467128027
277,EPL,MCFC,Scott Carson,Goalkeeper,34,75,168,20.996266666666667
278,EPL,MCFC,Benjamin Mendy,Defender,25,72,185,25.087770061728396
279,EPL,MCFC,Kyle Walker,Defender,30,70,183,26.254897959183673
280,EPL,MCFC,Phil Foden,Midfielder,20,67,154,24.117175317442637
281,EPL,MCFC,Riyad Mahrez,Midfielder,29,70,148,21.2334693877551
282,EPL,MCFC,Bernardo Silva,Midfielder,25,68,143,21.74070069204152
283,EPL,MCFC,Raheem Sterling,Midfielder,25,67,154,24.117175317442637
284,EPL,MCFC,Gabriel Jesus,Forward,23,69,161,23.77294685990338
285,EPL,MUFC,Nathan Bishop,Goalkeeper,20,73,159,20.97522987427285
286,EPL,MUFC,Lee Grant,Goalkeeper,37,76,183,22.273026315789473
287,EPL,MUFC,Eric Bailly,Defender,26,74,170,21.824324324324323
288,EPL,MUFC,Tim Fosu-Mensah,Defender,22,75,174,21.746133333333333
289,EPL,MUFC,Harry Maguire,Defender,27,76,216,26.289473684210527
290,EPL,MUFC,Axel Tuanzebe,Defender,22,72,165,22.375578703703702
291,EPL,MUFC,Bruno Fernandes,Midfielder,25,72,141,19.120949074074073
292,EPL,MUFC,James Garner,Midfielder,19,72,165,22.375578703703702
293,EPL,MUFC,Jesse Lingard,Midfielder,27,69,132,19.490863264020163
294,EPL,MUFC,Nemanja Matic,Midfielder,31,76,190,23.125
295,EPL,MUFC,Andreas Pereira,Midfielder,24,70,157,22.52469387755102
296,EPL,MUFC,Tahith Chong,Forward,20,73,165,21.76674798273597
297,EPL,MUFC,Mason Greenwood,Forward,18,74,143,18.35810810810811
298,EPL,MUFC,Anthony Martial,Forward,24,71,168,23.42868478476493
299,EPL,MUFC,David de Gea,Goalkeeper,29,75,157,19.62151111111111
300,EPL,MUFC,Sergio Romero,Goalkeeper,33,76,192,23.36842105263158
301,EPL,MUFC,Diogo Dalot,Defender,21,72,168,22.78240740740741
302,EPL,MUFC,Phil Jones,Defender,28,72,159,21.561921296296298
303,EPL,MUFC,Victor Lindelöf,Defender,25,74,179,22.97972972972973
304,EPL,MUFC,Luke Shaw,Defender,24,72,165,22.375578703703702
305,EPL,MUFC,Aaron Wan-Bissaka,Defender,22,72,159,21.561921296296298
306,EPL,MUFC,Fred,Midfielder,27,67,141,22.081309868567608
307,EPL,MUFC,Daniel James,Midfielder,22,71,168,23.42868478476493
308,EPL,MUFC,Juan Mata,Midfielder,32,67,134,20.98507462686567
309,EPL,MUFC,Scott McTominay,Midfielder,23,70,143,20.51612244897959
310,EPL,MUFC,Paul Pogba,Midfielder,27,75,190,23.74577777777778
311,EPL,MUFC,Angel Gomes,Forward,19,67,134,20.98507462686567
312,EPL,MUFC,Odion Ighalo,Forward,30,74,183,23.493243243243242
313,EPL,MUFC,Marcus Rashford,Forward,22,71,172,23.986510612973618
314,EPL,Newcastle,Karl Darlow,Goalkeeper,29,73,174,22.954025145430663
315,EPL,Newcastle,Rob Elliot,Goalkeeper,34,75,216,26.9952
316,EPL,Newcastle,Ciaran Clark,Defender,30,74,168,21.56756756756757
317,EPL,Newcastle,Federico Fernández,Defender,31,75,183,22.870933333333333
318,EPL,Newcastle,Emil Krafth,Defender,25,71,159,22.17357667129538
319,EPL,Newcastle,Florian Lejeune,Defender,29,75,179,22.371022222222223
320,EPL,Newcastle,Danny Rose,Defender,29,68,168,25.541522491349482
321,EPL,Newcastle,Jetro Willems,Defender,26,67,143,22.394519937625308
322,EPL,Newcastle,Miguel Almirón,Midfielder,26,70,143,20.51612244897959
323,EPL,Newcastle,Nabil Bentaleb,Midfielder,25,74,172,22.08108108108108
324,EPL,Newcastle,Valentino Lazaro,Midfielder,24,70,165,23.672448979591838
325,EPL,Newcastle,Sean Longstaff,Midfielder,22,71,161,22.45248958539972
326,EPL,Newcastle,Jonjo Shelvey,Midfielder,28,73,176,23.21786451491837
327,EPL,Newcastle,Dwight Gayle,Forward,29,70,161,23.09857142857143
328,EPL,Newcastle,Yoshinori Muto,Forward,27,70,159,22.811632653061224
329,EPL,Newcastle,Martin Dubravka,Goalkeeper,31,75,176,21.996088888888888
330,EPL,Newcastle,Paul Dummett,Defender,28,72,170,23.053626543209877
331,EPL,Newcastle,Jamaal Lascelles,Defender,26,74,183,23.493243243243242
332,EPL,Newcastle,Javier Manquillo,Defender,26,71,165,23.01031541360841
333,EPL,Newcastle,Fabian Schär,Defender,28,73,183,24.14130230812535
334,EPL,Newcastle,DeAndre Yedlin,Defender,26,68,161,24.47729238754325
335,EPL,Newcastle,Christian Atsu,Midfielder,28,68,150,22.80493079584775
336,EPL,Newcastle,Isaac Hayden,Midfielder,25,74,174,22.33783783783784
337,EPL,Newcastle,Matt Ritchie,Midfielder,30,68,154,23.413062283737023
338,EPL,Newcastle,Kelland Watts,Midfielder,20,76,165,20.082236842105264
339,EPL,Newcastle,Andy Carroll,Forward,31,76,174,21.17763157894737
340,EPL,Newcastle,Joelinton,Forward,23,73,179,23.613623569149933
341,EPL,Newcastle,Allan Saint-Maximin,Forward,23,68,148,22.500865051903116
342,EPL,Norwich,Ralf Fährmann,Goalkeeper,31,77,209,24.78107606679035
343,EPL,Norwich,Max Aarons,Defender,20,70,152,21.80734693877551
344,EPL,Norwich,Grant Hanley,Defender,28,74,179,22.97972972972973
345,EPL,Norwich,Timm Klose,Defender,32,76,192,23.36842105263158
346,EPL,Norwich,Christoph Zimmermann,Defender,27,76,203,24.707236842105264
347,EPL,Norwich,Emi Buendía,Midfielder,23,67,143,22.394519937625308
348,EPL,Norwich,Ondrej Duda,Midfielder,25,71,163,22.731402499504068
349,EPL,Norwich,Onel Hernandez,Midfielder,27,68,168,25.541522491349482
350,EPL,Norwich,Kenny McLean,Midfielder,28,72,154,20.883873456790123
351,EPL,Norwich,Marco Stiepermann,Midfielder,29,75,190,23.74577777777778
352,EPL,Norwich,Tom Trybull,Midfielder,27,71,159,22.17357667129538
353,EPL,Norwich,Josip Drmic,Forward,27,72,172,23.324845679012345
354,EPL,Norwich,Teemu Pukki,Forward,30,71,176,24.544336441182306
355,EPL,Norwich,Tim Krul,Goalkeeper,32,74,181,23.236486486486488
356,EPL,Norwich,Michael McGovern,Goalkeeper,35,75,190,23.74577777777778
357,EPL,Norwich,Sam Byram,Defender,26,71,159,22.17357667129538
358,EPL,Norwich,James Husband,Defender,26,70,143,20.51612244897959
359,EPL,Norwich,Jamal Lewis,Defender,22,70,154,22.094285714285714
360,EPL,Norwich,Todd Cantwell,Midfielder,22,70,146,20.9465306122449
361,EPL,Norwich,Ben Godfrey,Midfielder,22,72,163,22.104359567901234
362,EPL,Norwich,Moritz Leitner,Midfielder,27,69,152,22.44402436462928
363,EPL,Norwich,Lukas Rupp,Midfielder,29,70,161,23.09857142857143
364,EPL,Norwich,Alexander Tettey,Midfielder,34,71,150,20.91846855782583
365,EPL,Norwich,Mario Vrancic,Midfielder,31,74,165,21.18243243243243
366,EPL,Norwich,Adam Idah,Forward,19,75,183,22.870933333333333
367,EPL,SheffUtd,Jake Eastwood,Goalkeeper,23,75,154,19.246577777777777
368,EPL,SheffUtd,Simon Moore,Goalkeeper,30,75,183,22.870933333333333
369,EPL,SheffUtd,George Baldock,Defender,27,69,148,21.853392144507456
370,EPL,SheffUtd,John Egan,Defender,27,73,159,20.97522987427285
371,EPL,SheffUtd,Phil Jagielka,Defender,37,71,192,26.77563975401706
372,EPL,SheffUtd,Panagiotis Retsos,Defender,21,73,176,23.21786451491837
373,EPL,SheffUtd,Enda Stevens,Defender,29,72,172,23.324845679012345
374,EPL,SheffUtd,Sander Berge,Midfielder,22,75,194,24.24568888888889
375,EPL,SheffUtd,John Fleck,Midfielder,28,67,159,24.900200490086878
376,EPL,SheffUtd,John Lundstram,Midfielder,26,71,163,22.731402499504068
377,EPL,SheffUtd,Ben Osborn,Midfielder,25,69,165,24.363579080025204
378,EPL,SheffUtd,Leon Clarke,Forward,35,74,198,25.41891891891892
379,EPL,SheffUtd,David McGoldrick,Forward,32,72,163,22.104359567901234
380,EPL,SheffUtd,Billy Sharp,Forward,34,69,154,22.73934047469019
381,EPL,SheffUtd,Dean Henderson,Goalkeeper,23,75,181,22.620977777777778
382,EPL,SheffUtd,Michael Verrips,Goalkeeper,23,77,198,23.476808905380334
383,EPL,SheffUtd,Chris Basham,Defender,31,71,176,24.544336441182306
384,EPL,SheffUtd,Kieron Freeman,Defender,28,70,174,24.963673469387754
385,EPL,SheffUtd,Jack O'Connell,Defender,26,75,187,23.370844444444444
386,EPL,SheffUtd,Jack Robinson,Defender,26,71,141,19.66336044435628
387,EPL,SheffUtd,Muhamed Besic,Midfielder,27,70,172,24.676734693877552
388,EPL,SheffUtd,Luke Freeman,Midfielder,28,69,143,21.11510186935518
389,EPL,SheffUtd,Oliver Norwood,Midfielder,29,69,152,22.44402436462928
390,EPL,SheffUtd,Jack Rodwell,Midfielder,29,74,176,22.594594594594593
391,EPL,SheffUtd,Oliver McBurnie,Forward,24,74,146,18.743243243243242
392,EPL,SheffUtd,Lys Mousset,Forward,24,72,176,23.867283950617285
393,EPL,SheffUtd,Richairo Zivkovic,Forward,23,74,165,21.18243243243243
394,EPL,Southampton,Angus Gunn,Goalkeeper,24,77,170,20.156856130882105
395,EPL,Southampton,Alex McCarthy,Goalkeeper,30,76,174,21.17763157894737
396,EPL,Southampton,Jan Bednarek,Defender,24,74,170,21.824324324324323
397,EPL,Southampton,Kevin Danso,Defender,21,75,196,24.495644444444444
398,EPL,Southampton,Kayne Ramsay,Defender,19,76,185,22.51644736842105
399,EPL,Southampton,Yan Valery,Defender,21,71,187,26.0783574687562
400,EPL,Southampton,Jake Vokins,Defender,20,67,154,24.117175317442637
401,EPL,Southampton,Stuart Armstrong,Midfielder,28,72,165,22.375578703703702
402,EPL,Southampton,Pierre-Emile Höjbjerg,Midfielder,24,73,185,24.40514167761306
403,EPL,Southampton,Oriol Romeu,Midfielder,28,72,183,24.816550925925927
404,EPL,Southampton,James Ward-Prowse,Midfielder,25,68,146,22.19679930795848
405,EPL,Southampton,Che Adams,Forward,23,70,146,20.9465306122449
406,EPL,Southampton,Danny Ings,Forward,27,70,161,23.09857142857143
407,EPL,Southampton,Dan N'Lundulu,Forward,21,71,165,23.01031541360841
408,EPL,Southampton,Will Smallbone,Forward,20,65,123,20.46603550295858
409,EPL,Southampton,Harry Lewis,Goalkeeper,22,75,170,21.246222222222222
410,EPL,Southampton,Ryan Bertrand,Defender,30,70,187,26.828775510204082
411,EPL,Southampton,Sam McQueen,Defender,25,71,154,21.476294386034517
412,EPL,Southampton,Jack Stephens,Defender,26,73,165,21.76674798273597
413,EPL,Southampton,Jannik Vestergaard,Defender,27,79,216,24.330716231373177
414,EPL,Southampton,Kyle Walker-Peters,Defender,23,68,141,21.436634948096884
415,EPL,Southampton,Sofiane Boufal,Midfielder,26,67,132,20.671864557807975
416,EPL,Southampton,Nathan Redmond,Midfielder,26,68,152,23.108996539792386
417,EPL,Southampton,Callum Slattery,Midfielder,21,69,170,25.101869355177485
418,EPL,Southampton,Moussa Djenepo,Forward,21,70,143,20.51612244897959
419,EPL,Southampton,Shane Long,Forward,33,70,154,22.094285714285714
420,EPL,Southampton,Michael Obafemi,Forward,19,67,157,24.58699042102918
421,EPL,Tottenham,Hugo Lloris,Goalkeeper,33,74,181,23.236486486486488
422,EPL,Tottenham,Alfie Whiteman,Goalkeeper,21,75,170,21.246222222222222
423,EPL,Tottenham,Toby Alderweireld,Defender,31,73,179,23.613623569149933
424,EPL,Tottenham,Davinson Sánchez,Defender,23,74,179,22.97972972972973
425,EPL,Tottenham,Japhet Tanganga,Defender,21,73,183,24.14130230812535
426,EPL,Tottenham,Dele Alli,Midfielder,24,74,168,21.56756756756757
427,EPL,Tottenham,Gedson Fernandes,Midfielder,21,72,139,18.849729938271604
428,EPL,Tottenham,Giovani Lo Celso,Midfielder,24,70,165,23.672448979591838
429,EPL,Tottenham,Tanguy Ndombélé,Midfielder,23,69,150,22.14870825456837
430,EPL,Tottenham,Oliver Skipp,Midfielder,19,69,154,22.73934047469019
431,EPL,Tottenham,Harry Winks,Midfielder,24,69,163,24.068262969964294
432,EPL,Tottenham,Steven Bergwijn,Forward,22,70,163,23.385510204081633
433,EPL,Tottenham,Troy Parrott,Forward,18,73,159,20.97522987427285
434,EPL,Tottenham,Paulo Gazzaniga,Goalkeeper,28,77,198,23.476808905380334
435,EPL,Tottenham,Michel Vorm,Goalkeeper,36,72,185,25.087770061728396
436,EPL,Tottenham,Serge Aurier,Defender,27,69,168,24.80655324511657
437,EPL,Tottenham,Ben Davies,Defender,27,72,168,22.78240740740741
438,EPL,Tottenham,Juan Foyth,Defender,22,74,170,21.824324324324323
439,EPL,Tottenham,Ryan Sessegnon,Defender,20,70,157,22.52469387755102
440,EPL,Tottenham,Jan Vertonghen,Defender,33,74,190,24.39189189189189
441,EPL,Tottenham,Eric Dier,Midfielder,26,74,198,25.41891891891892
442,EPL,Tottenham,Erik Lamela,Midfielder,28,71,176,24.544336441182306
443,EPL,Tottenham,Lucas Moura,Midfielder,27,68,159,24.173226643598618
444,EPL,Tottenham,Moussa Sissoko,Midfielder,30,74,201,25.804054054054053
445,EPL,Tottenham,Victor Wanyama,Midfielder,28,72,192,26.037037037037038
446,EPL,Tottenham,Harry Kane,Forward,26,74,216,27.72972972972973
447,EPL,Tottenham,Heung-Min Son,Forward,27,72,168,22.78240740740741
448,EPL,Watford,Daniel Bachmann,Goalkeeper,25,75,179,22.371022222222223
449,EPL,Watford,Heurelho Gomes,Goalkeeper,39,78,209,24.14973701512163
450,EPL,Watford,Craig Dawson,Defender,30,74,187,24.006756756756758
451,EPL,Watford,José Holebas,Defender,35,73,179,23.613623569149933
452,EPL,Watford,Christian Kabasele,Defender,29,74,190,24.39189189189189
453,EPL,Watford,Adam Masina,Defender,26,75,192,23.995733333333334
454,EPL,Watford,Nathaniel Chalobah,Midfielder,25,73,168,22.162507036967536
455,EPL,Watford,Tom Dele-Bashiru,Midfielder,20,70,150,21.520408163265305
456,EPL,Watford,Will Hughes,Midfielder,25,73,163,21.502908613248263
457,EPL,Watford,Roberto Pereyra,Midfielder,29,72,170,23.053626543209877
458,EPL,Watford,Troy Deeney,Forward,31,73,223,29.418089697879527
459,EPL,Watford,Andre Gray,Forward,28,70,183,26.254897959183673
460,EPL,Watford,Ismaïla Sarr,Forward,22,69,154,22.73934047469019
461,EPL,Watford,Danny Welbeck,Forward,29,72,172,23.324845679012345
462,EPL,Watford,Ben Foster,Goalkeeper,37,76,198,24.098684210526315
463,EPL,Watford,Craig Cathcart,Defender,31,75,183,22.870933333333333
464,EPL,Watford,Kiko Femenía,Defender,29,69,134,19.786179374081076
465,EPL,Watford,Daryl Janmaat,Defender,30,73,176,23.21786451491837
466,EPL,Watford,Adrian Mariappa,Defender,33,71,172,23.986510612973618
467,EPL,Watford,Étienne Capoue,Midfielder,31,75,192,23.995733333333334
468,EPL,Watford,Tom Cleverley,Midfielder,30,69,148,21.853392144507456
469,EPL,Watford,Abdoulaye Doucouré,Midfielder,27,72,168,22.78240740740741
470,EPL,Watford,Joao Pedro,Midfielder,18,72,154,20.883873456790123
471,EPL,Watford,Domingos Quina,Midfielder,20,68,159,24.173226643598618
472,EPL,Watford,Gerard Deulofeu,Forward,26,70,161,23.09857142857143
473,EPL,Watford,Ignacio Pussetto,Forward,24,71,163,22.731402499504068
474,EPL,Watford,Isaac Success,Forward,24,72,190,25.765817901234566
475,EPL,West Ham,David Martin,Goalkeeper,34,73,190,25.064740101332333
476,EPL,West Ham,Fabián Balbuena,Defender,28,74,185,23.75
477,EPL,West Ham,Aaron Cresswell,Defender,30,67,146,22.864335041211852
478,EPL,West Ham,Arthur Masuaku,Defender,26,70,154,22.094285714285714
479,EPL,West Ham,Angelo Ogbonna,Defender,32,75,190,23.74577777777778
480,EPL,West Ham,Pablo Fornals,Midfielder,24,70,148,21.2334693877551
481,EPL,West Ham,Manuel Lanzini,Midfielder,27,66,146,23.562442607897154
482,EPL,West Ham,Declan Rice,Midfielder,21,73,176,23.21786451491837
483,EPL,West Ham,Carlos Sánchez,Midfielder,34,72,181,24.545331790123456
484,EPL,West Ham,Tomas Soucek,Midfielder,25,75,185,23.12088888888889
485,EPL,West Ham,Albian Ajeti,Forward,23,72,165,22.375578703703702
486,EPL,West Ham,Jarrod Bowen,Forward,23,69,154,22.73934047469019
487,EPL,West Ham,Sébastien Haller,Forward,25,75,181,22.620977777777778
488,EPL,West Ham,Lukasz Fabianski,Goalkeeper,35,75,183,22.870933333333333
489,EPL,West Ham,Darren Randolph,Goalkeeper,33,74,216,27.72972972972973
490,EPL,West Ham,Gonçalo Cardoso,Defender,19,74,183,23.493243243243242
491,EPL,West Ham,Issa Diop,Defender,23,76,203,24.707236842105264
492,EPL,West Ham,Pablo Zabaleta,Defender,35,69,163,24.068262969964294
493,EPL,West Ham,Ryan Fredericks,Midfielder,27,71,163,22.731402499504068
494,EPL,West Ham,Mark Noble,Midfielder,33,71,154,21.476294386034517
495,EPL,West Ham,Robert Snodgrass,Midfielder,32,72,181,24.545331790123456
496,EPL,West Ham,Jack Wilshere,Midfielder,28,67,143,22.394519937625308
497,EPL,West Ham,Michail Antonio,Forward,30,71,181,25.241618726443168
498,EPL,West Ham,Felipe Anderson,Forward,27,69,154,22.73934047469019
499,EPL,West Ham,Andriy Yarmolenko,Forward,30,75,183,22.870933333333333
500,EPL,Wolves,Rui Patrício,Goalkeeper,32,74,185,23.75
501,EPL,Wolves,Willy Boly,Defender,29,77,214,25.37392477652218
502,EPL,Wolves,Conor Coady,Defender,27,73,176,23.21786451491837
503,EPL,Wolves,Max Kilman,Defender,23,73,176,23.21786451491837
504,EPL,Wolves,Rúben Vinagre,Defender,21,69,141,20.819785759294266
505,EPL,Wolves,Morgan Gibbs-White,Midfielder,20,67,132,20.671864557807975
506,EPL,Wolves,Bruno Jordão,Midfielder,21,71,157,21.894663757191033
507,EPL,Wolves,Joao João Moutinho,Midfielder,33,67,134,20.98507462686567
508,EPL,Wolves,Diogo Jota,Forward,23,70,161,23.09857142857143
509,EPL,Wolves,Pedro Neto,Forward,20,68,139,21.13256920415225
510,EPL,Wolves,John Ruddy,Goalkeeper,33,76,214,26.04605263157895
511,EPL,Wolves,Oskar Buur,Defender,22,70,143,20.51612244897959
512,EPL,Wolves,Matt Doherty,Defender,28,73,196,25.85625820979546
513,EPL,Wolves,Jonny Otto,Defender,26,69,165,24.363579080025204
514,EPL,Wolves,Leander Dendoncker,Midfielder,25,74,168,21.56756756756757
515,EPL,Wolves,Ryan John Giles,Midfielder,20,70,159,22.811632653061224
516,EPL,Wolves,Enzo Loiodice,Midfielder,19,69,132,19.490863264020163
517,EPL,Wolves,Rúben Neves,Midfielder,23,71,176,24.544336441182306
518,EPL,Wolves,Romain Saïss,Midfielder,30,75,168,20.996266666666667
519,EPL,Wolves,Adama Traoré,Midfielder,24,70,168,24.102857142857143
520,EPL,Wolves,Leonardo Campana,Forward,19,71,154,21.476294386034517
521,EPL,Wolves,Raúl Jiménez,Forward,29,74,174,22.33783783783784
522,EPL,Wolves,Daniel Podence,Forward,24,65,128,21.297988165680472
523,MLS,Chicago Fire FC,Robert Beric,Forward,28,74,183,23.493243243243242
524,MLS,Chicago Fire FC,Boris Sekulic,Defender,28,74,161,20.66891891891892
525,MLS,Philadelphia Union,Brenden Aaronson,Midfielder,19,70,148,21.2334693877551
526,MLS,FC Cincinnati,Saad Abdul-Salaam,Defender,28,76,185,22.51644736842105
527,MLS,D.C. United,Mohammed Abu,Midfielder,28,67,150,23.490755179327245
528,MLS,Colorado Rapids,Lalas Abubakar,Defender,25,73,185,24.40514167761306
529,MLS,Nashville SC,David Accam,Forward,29,69,154,22.73934047469019
530,MLS,New York City FC,Nicolas Acevedo,Midfielder,21,68,160,24.325259515570934
531,MLS,Toronto FC,Achara,Midfielder,22,70,161,23.09857142857143
532,MLS,Inter Miami CF,George Acosta,Midfielder,20,67,130,20.35865448875028
533,MLS,LA Galaxy,Danilo Acosta,Defender,22,71,170,23.70759769886927
534,MLS,FC Dallas,Bryan Acosta,Midfielder,26,68,161,24.47729238754325
535,MLS,Colorado Rapids,Kellyn Acosta,Midfielder,24,70,150,21.520408163265305
536,MLS,Houston Dynamo,Kyle Adams,Defender,23,74,180,23.10810810810811
537,MLS,Atlanta United FC,Mo Adams,Midfielder,23,66,165,26.62878787878788
538,MLS,Columbus Crew SC,Fanendo Adi,Forward,29,76,185,22.51644736842105
539,MLS,Vancouver Whitecaps FC,Ali Adnan,Defender,26,73,180,23.74554325389379
540,MLS,Columbus Crew SC,Harrison Afful,Defender,33,66,128,20.657483930211203
541,MLS,Inter Miami CF,Juan Agudelo,Forward,27,73,183,24.14130230812535
542,MLS,Minnesota United FC,Jose Aja,Defender,26,76,185,22.51644736842105
543,MLS,San Jose Earthquakes,Jacob Akanyirige,Defender,18,71,157,21.894663757191033
544,MLS,Orlando City SC,Tesho Akindele,Forward,28,73,170,22.426346406455245
545,MLS,Toronto FC,Ayo Akinola,Forward,20,70,182,26.111428571428572
546,MLS,San Jose Earthquakes,Oswaldo Alanis,Defender,31,73,180,23.74554325389379
547,MLS,FC Cincinnati,Fatai Alashe,Midfielder,26,72,170,23.053626543209877
548,MLS,Chicago Fire FC,Ignacio Aliseda,Midfielder,20,67,152,23.80396524838494
549,MLS,Orlando City SC,Nani,Midfielder,33,70,146,20.9465306122449
550,MLS,Minnesota United FC,Osvaldo Alonso,Midfielder,34,71,165,23.01031541360841
551,MLS,Toronto FC,Jozy Altidore,Forward,30,72,175,23.73167438271605
552,MLS,LA Galaxy,Efrain Alvarez,Midfielder,17,68,150,22.80493079584775
553,MLS,Minnesota United FC,Luis Amarilla,Forward,24,72,163,22.104359567901234
554,MLS,FC Cincinnati,Frankie Amaya,Midfielder,19,64,145,24.886474609375
555,MLS,Inter Miami CF,Mikey Ambrose,Defender,26,69,165,24.363579080025204
556,MLS,Colorado Rapids,Sebastian Anderson,Defender,17,69,140,20.67212770426381
557,MLS,New England Revolution,Isaac Angking,Midfielder,20,70,160,22.955102040816328
558,MLS,Nashville SC,Jalil Anibaba,Defender,31,72,185,25.087770061728396
559,MLS,Nashville SC,Tah Brian Anunga,Midfielder,23,71,179,24.96270581233882
560,MLS,FC Dallas,Pablo Aranguiz,Midfielder,23,68,143,21.74070069204152
561,MLS,LA Galaxy,Julian Araujo,Defender,18,69,154,22.73934047469019
562,MLS,New York City FC,Heber,Forward,28,71,170,23.70759769886927
563,MLS,Inter Miami CF,Luis Argudo,Midfielder,24,69,150,22.14870825456837
564,MLS,Seattle Sounders FC,Xavier Arreaga,Defender,25,72,165,22.375578703703702
565,MLS,Real Salt Lake,Luis Arriaga,Midfielder,19,67,137,21.454889730452216
566,MLS,D.C. United,Paul Arriola,Midfielder,25,66,146,23.562442607897154
567,MLS,D.C. United,Yamil Asad,Midfielder,25,70,170,24.389795918367348
568,MLS,Portland Timbers,Dairon Asprilla,Midfielder,27,71,165,23.01031541360841
569,MLS,Portland Timbers,Jeff Attinella,Goalkeeper,31,74,190,24.39189189189189
570,MLS,FC Dallas,Francis Atuahene,Forward,23,69,170,25.101869355177485
571,MLS,Los Angeles Football Club,Eduard Atuesta,Midfielder,22,71,155,21.61575084308669
572,MLS,Chicago Fire FC,Micheal Azira,Midfielder,32,70,160,22.955102040816328
573,MLS,Nashville SC,Dominique Badji,Forward,27,72,170,23.053626543209877
574,MLS,FC Cincinnati,Zico Bailey,Defender,19,67,135,21.14167966139452
575,MLS,Vancouver Whitecaps FC,Theo Bair,Forward,20,76,215,26.167763157894736
576,MLS,Real Salt Lake,Corey Baird,Forward,24,70,160,22.955102040816328
577,MLS,Vancouver Whitecaps FC,Michael Baldisimo,Midfielder,20,66,150,24.207988980716255
578,MLS,Sporting Kansas City,Botond Barath,Defender,28,74,165,21.18243243243243
579,MLS,Orlando City SC,Robinho,Midfielder,25,65,148,24.625798816568047
580,MLS,New York Red Bulls,Tom Barlow,Forward,24,74,185,23.75
581,MLS,New York City FC,Luis Barraza,Goalkeeper,23,74,195,25.033783783783782
582,MLS,FC Dallas,Michael Barrios,Midfielder,29,64,132,22.6552734375
583,MLS,Colorado Rapids,Cole Bassett,Midfielder,18,71,130,18.129339416782383
584,MLS,Montreal Impact,Clement Bayiha,Midfielder/Defender,21,68,155,23.565095155709344
585,MLS,San Jose Earthquakes,Tanner Beason,Defender,23,73,175,23.085944830174515
586,MLS,Nashville SC,Brayan Beckeles,Defender,34,73,176,23.21786451491837
587,MLS,Real Salt Lake,Kyle Beckerman,Midfielder,38,71,165,23.01031541360841
588,MLS,Philadelphia Union,Alejandro Bedoya,Midfielder,33,70,161,23.09857142857143
589,MLS,Orlando City SC,Jordan Bender,Midfielder,18,69,150,22.14870825456837
590,MLS,Philadelphia Union,Joe Bendik,Goalkeeper,31,74,217,27.85810810810811
591,MLS,Colorado Rapids,Nicolas Benezet,Midfielder,29,65,134,22.296331360946745
592,MLS,Columbus Crew SC,Sebastian Berhalter,Midfielder,18,69,155,22.886998529720646
593,MLS,Columbus Crew SC,Miguel Berry,Forward,22,75,180,22.496
594,MLS,San Jose Earthquakes,Matt Bersano,Goalkeeper,27,73,185,24.40514167761306
595,MLS,Sporting Kansas City,Matt Besler,Defender,33,72,170,23.053626543209877
596,MLS,Real Salt Lake,Nick Besler,Midfielder,26,73,165,21.76674798273597
597,MLS,Vancouver Whitecaps FC,Janio Bikel,Midfielder,24,69,155,22.886998529720646
598,MLS,Real Salt Lake,Everton Luiz,Midfielder,31,68,154,23.413062283737023
599,MLS,Minnesota United FC,Noah Billingsley,Defender,22,74,185,23.75
600,MLS,LA Galaxy,David Bingham,Goalkeeper,30,74,189,24.263513513513512
601,MLS,Montreal Impact,Luis Binks,Defender,18,74,190,24.39189189189189
602,MLS,D.C. United,Steven Birnbaum,Defender,29,74,180,23.10810810810811
603,MLS,Houston Dynamo,Jose Bizama,Defender,25,71,165,23.01031541360841
604,MLS,Philadelphia Union,Andre Blake,Goalkeeper,29,76,175,21.299342105263158
605,MLS,Portland Timbers,Sebastian Blanco,Midfielder,32,67,150,23.490755179327245
606,MLS,Los Angeles Football Club,Latif Blessing,Midfielder,23,67,104,16.28692359100022
607,MLS,D.C. United,Emmanuel Boateng,Midfielder,26,66,150,24.207988980716255
608,MLS,Portland Timbers,Blake Bodily,Midfielder,22,69,150,22.14870825456837
609,MLS,Toronto FC,Alex Bono,Goalkeeper,26,75,195,24.370666666666665
610,MLS,Chicago Fire FC,Jonathan Bornstein,Defender,35,68,165,25.085423875432525
611,MLS,New England Revolution,Gustavo Bou,Forward,30,70,160,22.955102040816328
612,MLS,Minnesota United FC,Michael Boxall,Defender,31,74,200,25.675675675675677
613,MLS,Toronto FC,Michael Bradley,Midfielder,32,74,179,22.97972972972973
614,MLS,Chicago Fire FC,Chris Brady,Goalkeeper,16,75,170,21.246222222222222
615,MLS,Montreal Impact,Zachary Brault-Guillard,Defender,21,67,145,22.707730006683004
616,MLS,FC Dallas,Bressan,Defender,27,72,174,23.596064814814813
617,MLS,D.C. United,Frederic Brillant,Defender,34,75,156,19.496533333333332
618,MLS,Chicago Fire FC,Brandt Bronico,Midfielder,24,68,155,23.565095155709344
619,MLS,Seattle Sounders FC,Will Bruin,Forward,30,74,194,24.905405405405407
620,MLS,New England Revolution,Tajon Buchanan,Forward,21,72,152,20.612654320987655
621,MLS,New England Revolution,Adam Buksa,Forward,23,75,170,21.246222222222222
622,MLS,New England Revolution,Teal Bunbury,Midfielder/Forward,30,74,185,23.75
623,MLS,FC Dallas,Nkosi Burgess,Defender,23,76,185,22.51644736842105
624,MLS,Philadelphia Union,Cory Burke,Forward,28,75,180,22.496
625,MLS,Montreal Impact,Evan Bush,Goalkeeper,34,73,186,24.537061362356916
626,MLS,Sporting Kansas City,Gianluca Busio,Midfielder,17,67,135,21.14167966139452
627,MLS,New England Revolution,Alexander Buttner,Defender,31,69,165,24.363579080025204
628,MLS,Seattle Sounders FC,Handwalla Bwana,Midfielder,22,69,145,21.41041797941609
629,MLS,New England Revolution,Brandon Bye,Defender,24,72,185,25.087770061728396
630,MLS,Houston Dynamo,Victor Cabrera,Defender,27,72,165,22.375578703703702
631,MLS,Columbus Crew SC,Chris Cadden,Defender,23,72,168,22.78240740740741
632,MLS,New England Revolution,Luis Alberto Caicedo,Midfielder,23,67,155,24.273780351971485
633,MLS,New England Revolution,Scott Caldwell,Midfielder,29,68,150,22.80493079584775
634,MLS,New England Revolution,Jeff Caldwell,Goalkeeper,24,75,187,23.370844444444444
635,MLS,Inter Miami CF,Drake Callender,Goalkeeper,22,75,205,25.620444444444445
636,MLS,New York City FC,Alexander Callens,Defender,27,73,180,23.74554325389379
637,MLS,San Jose Earthquakes,Eric Calvillo,Midfielder,22,67,140,21.92470483403876
638,MLS,Montreal Impact,Rudy Camacho,Defender,29,73,174,22.954025145430663
639,MLS,Atlanta United FC,George Campbell,Defender,18,74,175,22.466216216216218
640,MLS,FC Dallas,Reggie Cannon,Defender,21,71,165,23.01031541360841
641,MLS,D.C. United,Russell Canouse,Midfielder,24,70,159,22.811632653061224
642,MLS,Atlanta United FC,Andrew Carleton,Forward,19,67,145,22.707730006683004
643,MLS,Inter Miami CF,Julian Carranza,Forward,19,69,146,21.558076034446543
644,MLS,Chicago Fire FC,Javier Casas,Midfielder,16,68,145,22.04476643598616
645,MLS,Portland Timbers,Julio Cascante,Defender,26,74,170,21.824324324324323
646,MLS,New York City FC,Valentin Castellanos,Forward,21,70,154,22.094285714285714
647,MLS,Atlanta United FC,Edgar Castillo,Defender,33,67,145,22.707730006683004
648,MLS,Vancouver Whitecaps FC,Lucas Cavallini,Forward,27,70,185,26.541836734693877
649,MLS,Houston Dynamo,Darwin Ceren,Midfielder,30,70,165,23.672448979591838
650,MLS,FC Dallas,Edwin Cerrillo,Midfielder,19,70,180,25.824489795918367
651,MLS,Minnesota United FC,Thomas Chacon,Midfielder,19,65,128,21.297988165680472
652,MLS,Real Salt Lake,Maikel Chang,Midfielder,29,70,174,24.963673469387754
653,MLS,New York City FC,Maxime Chanot,Defender,30,73,172,22.690185775942954
654,MLS,Inter Miami CF,Jay Chapman,Midfielder,26,72,157,21.290702160493826
655,MLS,Portland Timbers,Diego Chara,Midfielder,34,68,150,22.80493079584775
656,MLS,Portland Timbers,Yimmi Chara,Midfielder,29,67,170,26.62285586990421
657,MLS,Montreal Impact,Mathieu Choiniere,Midfielder,21,66,150,24.207988980716255
658,MLS,Los Angeles Football Club,Jose Cifuentes,Midfielder,21,68,155,23.565095155709344
659,MLS,Toronto FC,Laurent Ciman,Defender,34,72,155,21.019483024691358
660,MLS,Portland Timbers,Steve Clark,Goalkeeper,34,74,192,24.64864864864865
661,MLS,Seattle Sounders FC,Stefan Cleveland,Goalkeeper,25,74,185,23.75
662,MLS,Chicago Fire FC,Elliot Collier,Forward,25,76,180,21.907894736842106
663,MLS,Philadelphia Union,Aurelien Collin,Defender,34,74,169,21.695945945945947
664,MLS,Orlando City SC,Josue Colman,Midfielder,21,66,156,25.176308539944902
665,MLS,Vancouver Whitecaps FC,Simon Colyn,Midfielder,18,69,145,21.41041797941609
666,MLS,Portland Timbers,Tomas Conechny,Midfielder,22,67,150,23.490755179327245
667,MLS,Vancouver Whitecaps FC,Derek Cornelius,Defender,22,74,190,24.39189189189189
668,MLS,LA Galaxy,Joe Corona,Midfielder,29,68,155,23.565095155709344
669,MLS,Montreal Impact,Jorge Corrales,Defender,28,69,150,22.14870825456837
670,MLS,San Jose Earthquakes,Cade Cowell,Forward,16,69,154,22.73934047469019
671,MLS,Philadelphia Union,Warren Creavalle,Midfielder,29,71,170,23.70759769886927
672,MLS,Vancouver Whitecaps FC,Maxime Crepeau,Goalkeeper,25,71,199,27.751834953382264
673,MLS,Houston Dynamo,Cody Cropper,Goalkeeper,27,76,200,24.342105263157894
674,MLS,FC Cincinnati,Allan Cruz,Midfielder,24,65,145,24.12662721893491
675,MLS,LA Galaxy,Emil Cuello,Midfielder,23,71,165,23.01031541360841
676,MLS,Toronto FC,Auro,Defender,24,66,136,21.948576675849402
677,MLS,Los Angeles Football Club,Danilo Silva,Defender,33,73,154,20.315631450553575
678,MLS,Vancouver Whitecaps FC,Cristian Dajome,Midfielder,26,68,155,23.565095155709344
679,MLS,FC Cincinnati,Rashawn Dally,Forward,23,74,200,25.675675675675677
680,MLS,Nashville SC,Abu Danladi,Forward,24,70,170,24.389795918367348
681,MLS,New York Red Bulls,Sean Davis,Midfielder,27,72,165,22.375578703703702
682,MLS,FC Cincinnati,Siem de Jong,Midfielder,31,73,168,22.162507036967536
683,MLS,Columbus Crew SC,Artur,Midfielder,24,71,154,21.476294386034517
684,MLS,Philadelphia Union,Jack de Vries,Midfielder,18,72,165,22.375578703703702
685,MLS,Inter Miami CF,A.J. DeLaGarza,Defender,32,69,150,22.14870825456837
686,MLS,New England Revolution,Antonio Mlinar Delamea,Defender,28,72,160,21.69753086419753
687,MLS,Seattle Sounders FC,Jordy Delem,Midfielder,27,71,156,21.75520730013886
688,MLS,Toronto FC,Nick DeLeon,Midfielder,29,70,170,24.389795918367348
689,MLS,Toronto FC,Marky Delgado,Midfielder,24,69,146,21.558076034446543
690,MLS,FC Cincinnati,Mathieu Deplagne,Defender,28,72,168,22.78240740740741
691,MLS,LA Galaxy,Nick DePuy,Defender,25,77,205,24.306797099004893
692,MLS,Orlando City SC,Joey DeZart,Midfielder,21,73,195,25.724338525051603
693,MLS,Seattle Sounders FC,Justin Dhillon,Forward,24,75,185,23.12088888888889
694,MLS,Sporting Kansas City,Amadou Dia,Defender,26,70,150,21.520408163265305
695,MLS,Columbus Crew SC,Luis Diaz,Midfielder,21,71,159,22.17357667129538
696,MLS,Sporting Kansas City,Eric Dick,Goalkeeper,25,77,205,24.306797099004893
697,MLS,Nashville SC,Tanner Dieterich,Midfielder,21,72,170,23.053626543209877
698,MLS,Orlando City SC,Daryl Dike,Forward,19,74,220,28.243243243243242
699,MLS,Los Angeles Football Club,Adama Diomande,Forward,30,71,180,25.102162269390995
700,MLS,Montreal Impact,Clement Diop,Goalkeeper,26,73,165,21.76674798273597
701,MLS,Toronto FC,Griffin Dorsey,Midfielder,21,72,160,21.69753086419753
702,MLS,LA Galaxy,Jonathan dos Santos,Midfielder,30,68,160,24.325259515570934
703,MLS,Minnesota United FC,Hassani Dotson,Midfielder,22,71,170,23.70759769886927
704,MLS,Sporting Kansas City,Cameron Duke,Midfielder,19,67,135,21.14167966139452
705,MLS,Los Angeles Football Club,Bryce Duke,Midfielder,19,67,145,22.707730006683004
706,MLS,LA Galaxy,Cameron Dunbar,Midfielder,17,66,130,20.980257116620752
707,MLS,New York Red Bulls,Kyle Duncan,Defender,22,70,139,19.942244897959185
708,MLS,Toronto FC,Julian Dunn,Defender,19,73,168,22.162507036967536
709,MLS,Portland Timbers,Chris Duvall,Defender,28,70,165,23.672448979591838
710,MLS,Orlando City SC,Dom Dwyer,Forward,29,69,180,26.578449905482042
711,MLS,Portland Timbers,Jeremy Ebobisse,Forward,23,72,175,23.73167438271605
712,MLS,Minnesota United FC,Raheem Edwards,Midfielder,24,69,148,21.853392144507456
713,MLS,FC Cincinnati,Bobby Edwards,Goalkeeper,24,78,225,25.99852071005917
714,MLS,D.C. United,Earl Edwards Jr.,Goalkeeper,28,75,205,25.620444444444445
715,MLS,New York Red Bulls,Mandela Egbo,Defender,22,71,165,23.01031541360841
716,MLS,Los Angeles Football Club,Phillip Ejimadu,Goalkeeper,20,74,215,27.60135135135135
717,MLS,Los Angeles Football Club,Mohamed El-Munir,Defender,28,69,154,22.73934047469019
718,MLS,Philadelphia Union,Jack Elliott,Defender,24,77,180,21.34255355034576
719,MLS,Minnesota United FC,Fred Emmings,Goalkeeper,16,77,210,24.899645808736718
720,MLS,Toronto FC,Tsubasa Endoh,Midfielder,26,68,146,22.19679930795848
721,MLS,San Jose Earthquakes,Magnus Eriksson,Forward,30,71,180,25.102162269390995
722,MLS,San Jose Earthquakes,Cristian Espinoza,Midfielder,25,67,154,24.117175317442637
723,MLS,Sporting Kansas City,Roger Espinoza,Midfielder,33,71,170,23.70759769886927
724,MLS,Columbus Crew SC,Derrick Etienne Jr.,Midfielder,23,70,160,22.955102040816328
725,MLS,Vancouver Whitecaps FC,Gianfranco Facchineri,Defender,18,72,185,25.087770061728396
726,MLS,New England Revolution,Diego Fagundez,Midfielder,25,68,140,21.284602076124568
727,MLS,Montreal Impact,Rod Fanni,Defender,38,73,179,23.613623569149933
728,MLS,Portland Timbers,Marco Farfan,Defender,21,69,150,22.14870825456837
729,MLS,New England Revolution,Andrew Farrell,Defender,28,71,185,25.799444554651856
730,MLS,San Jose Earthquakes,Luis Felipe,Midfielder,24,73,165,21.76674798273597
731,MLS,LA Galaxy,Rolf Feltscher,Defender,29,71,163,22.731402499504068
732,MLS,Sporting Kansas City,Gerso Fernandes,Midfielder/Forward,29,68,140,21.284602076124568
733,MLS,Atlanta United FC,Luiz Fernando,Midfielder,22,69,160,23.625288804872927
734,MLS,FC Dallas,Jesus Ferreira,Forward,19,68,140,21.284602076124568
735,MLS,San Jose Earthquakes,Carlos Fierro,Midfielder,25,69,146,21.558076034446543
736,MLS,Inter Miami CF,Nicolas Figal,Defender,26,71,165,23.01031541360841
737,MLS,Houston Dynamo,Maynor Figueroa,Defender,36,71,187,26.0783574687562
738,MLS,Minnesota United FC,Ethan Finlay,Midfielder,29,69,165,24.363579080025204
739,MLS,New England Revolution,Nicolas Firmino,Midfielder,19,71,155,21.61575084308669
740,MLS,D.C. United,Oniel Fisher,Defender,28,69,155,22.886998529720646
741,MLS,Portland Timbers,Andres Flores,Midfielder,29,66,150,24.207988980716255
742,MLS,D.C. United,Edison Flores,Midfielder,25,68,159,24.173226643598618
743,MLS,Philadelphia Union,Anthony Fontana,Midfielder,20,68,150,22.80493079584775
744,MLS,Sporting Kansas City,Andreu Fontas,Defender,30,73,190,25.064740101332333
745,MLS,Colorado Rapids,Kortne Ford,Defender,24,74,185,23.75
746,MLS,Columbus Crew SC,Waylon Francis,Defender,29,69,160,23.625288804872927
747,MLS,Chicago Fire FC,Przemyslaw Frankowski,Midfielder,25,68,155,23.565095155709344
748,MLS,Toronto FC,Liam Fraser,Midfielder,22,73,179,23.613623569149933
749,MLS,Sporting Kansas City,Tyler Freeman,Forward,17,70,150,21.520408163265305
750,MLS,Philadelphia Union,Matt Freese,Goalkeeper,21,76,195,23.73355263157895
751,MLS,Seattle Sounders FC,Stefan Frei,Goalkeeper,34,75,195,24.370666666666665
752,MLS,San Jose Earthquakes,Gilbert Fuentes,Midfielder,18,66,140,22.594123048668504
753,MLS,Philadelphia Union,Raymon Gaddis,Defender,30,69,151,22.296366309598824
754,MLS,Atlanta United FC,Jon Gallagher,Forward,24,69,158,23.329972694812014
755,MLS,Toronto FC,Erickson Gallardo,Midfielder,23,68,150,22.80493079584775
756,MLS,Real Salt Lake,Christopher Garcia,Midfielder,17,67,142,22.237914903096456
757,MLS,Houston Dynamo,Boniek Garcia,Midfielder,35,69,150,22.14870825456837
758,MLS,FC Cincinnati,Greg Garza,Defender,28,68,154,23.413062283737023
759,MLS,Minnesota United FC,Chase Gasper,Defender,24,72,185,25.087770061728396
760,MLS,New England Revolution,Carles Gil,Midfielder,27,67,145,22.707730006683004
761,MLS,Chicago Fire FC,Gaston Gimenez,Midfielder,28,74,194,24.905405405405407
762,MLS,Los Angeles Football Club,Francisco Ginella,Midfielder,21,70,160,22.955102040816328
763,MLS,Real Salt Lake,Justen Glad,Defender,23,73,160,21.1071495590167
764,MLS,Philadelphia Union,Jakob Glesnes,Defender,26,74,185,23.75
765,MLS,Vancouver Whitecaps FC,Erik Godoy,Defender,26,74,175,22.466216216216218
766,MLS,Nashville SC,Anibal Godoy,Midfielder,30,72,165,22.375578703703702
767,MLS,Seattle Sounders FC,Yeimar Gomez Andrade,Defender,27,74,200,25.675675675675677
768,MLS,LA Galaxy,Giancarlo Gonzalez,Defender,32,73,185,24.40514167761306
769,MLS,Toronto FC,Omar Gonzalez,Defender,31,77,205,24.306797099004893
770,MLS,FC Dallas,Jesse Gonzalez,Goalkeeper,24,76,180,21.907894736842106
771,MLS,New York City FC,Tayvon Gray,Defender,17,71,163,22.731402499504068
772,MLS,Minnesota United FC,Jan Gregus,Midfielder,29,75,170,21.246222222222222
773,MLS,D.C. United,Julian Gressel,Midfielder,26,73,185,24.40514167761306
774,MLS,Los Angeles Football Club,Alejandro Guido,Midfielder,26,71,170,23.70759769886927
775,MLS,Sporting Kansas City,Felipe Gutiérrez,Midfielder,29,67,145,22.707730006683004
776,MLS,Vancouver Whitecaps FC,Cristian Gutierrez,Defender,23,71,150,20.91846855782583
777,MLS,Chicago Fire FC,Brian Gutierrez,Midfielder,16,70,140,20.085714285714285
778,MLS,Chicago Fire FC,Jeremiah Gutjahr,Midfielder,22,70,160,22.955102040816328
779,MLS,FC Cincinnati,Andrew Gutman,Defender,23,72,170,23.053626543209877
780,MLS,Atlanta United FC,Brad Guzan,Goalkeeper,35,76,209,25.4375
781,MLS,FC Cincinnati,Joseph-Claude Gyau,Midfielder,27,69,165,24.363579080025204
782,MLS,New York City FC,Justin Haak,Midfielder,18,72,165,22.375578703703702
783,MLS,Nashville SC,Luke Haakenson,Midfielder,22,70,175,25.107142857142858
784,MLS,FC Cincinnati,Nick Hagglund,Defender,27,73,193,25.460499155563895
785,MLS,Minnesota United FC,Marlon Hairston,Midfielder,26,72,157,21.290702160493826
786,MLS,San Jose Earthquakes,Siad Haji,Midfielder,20,68,150,22.80493079584775
787,MLS,D.C. United,Bill Hamid,Goalkeeper,29,75,225,28.12
788,MLS,Columbus Crew SC,Jordan Hamilton,Forward,24,72,194,26.308256172839506
789,MLS,Houston Dynamo,Niko Hansen,Midfielder,25,70,170,24.389795918367348
790,MLS,Los Angeles Football Club,Jordan Harvey,Defender,36,71,170,23.70759769886927
791,MLS,Vancouver Whitecaps FC,Thomas Hasal,Goalkeeper,20,75,190,23.74577777777778
792,MLS,Minnesota United FC,Jacori Hayes,Midfielder,24,67,150,23.490755179327245
793,MLS,FC Dallas,Matt Hedges,Defender,30,76,185,22.51644736842105
794,MLS,Chicago Fire FC,Fabian Herbers,Midfielder,26,72,165,22.375578703703702
795,MLS,Sporting Kansas City,Felipe Hernandez,Midfielder,21,67,135,21.14167966139452
796,MLS,LA Galaxy,Javier Hernandez,Forward,31,69,137,20.229153539172444
797,MLS,Real Salt Lake,Aaron Herrera,Defender,22,71,160,22.31303312834755
798,MLS,D.C. United,Federico Higuain,Midfielder,35,68,165,25.085423875432525
799,MLS,San Jose Earthquakes,Danny Hoesen,Forward,29,73,165,21.76674798273597
800,MLS,FC Dallas,Ryan Hollingshead,Defender,29,73,180,23.74554325389379
801,MLS,Real Salt Lake,Erik Holt,Defender,23,73,185,24.40514167761306
802,MLS,Colorado Rapids,Matt Hundley,Forward,19,70,160,22.955102040816328
803,MLS,Sporting Kansas City,Erik Hurtado,Forward,29,70,175,25.107142857142858
804,MLS,Vancouver Whitecaps FC,Inbeom Hwang,Midfielder,23,70,155,22.237755102040815
805,MLS,Atlanta United FC,Emerson Hyndman,Midfielder,24,69,135,19.93383742911153
806,MLS,Minnesota United FC,Romario Ibarra,Midfielder,25,69,160,23.625288804872927
807,MLS,Seattle Sounders FC,Miguel Ibarra ,Midfielder,30,66,145,23.40105601469238
808,MLS,New York City FC,Sebastien Ibeagha,Defender,28,74,187,24.006756756756758
809,MLS,Real Salt Lake,Milan Iloski,Forward,20,70,155,22.237755102040815
810,MLS,LA Galaxy,Emiliano Insua,Defender,31,71,174,24.26542352707796
811,MLS,Colorado Rapids,Clint Irwin,Goalkeeper,31,75,195,24.370666666666665
812,MLS,Portland Timbers,Aljaz Ivacic,Goalkeeper,26,74,180,23.10810810810811
813,MLS,Colorado Rapids,Niki Jackson,Forward,24,73,175,23.085944830174515
814,MLS,Montreal Impact,Anthony Jackson-Hamel,Forward,26,73,180,23.74554325389379
815,MLS,Atlanta United FC,Adam Jahn,Forward,29,75,185,23.12088888888889
816,MLS,Los Angeles Football Club,Dejan Jakovic,Defender,34,74,186,23.87837837837838
817,MLS,New York Red Bulls,David Jensen,Goalkeeper,28,77,205,24.306797099004893
818,MLS,Columbus Crew SC,Hector Jimenez,Midfielder,31,69,140,20.67212770426381
819,MLS,Real Salt Lake,Sam Johnson,Forward,26,71,163,22.731402499504068
820,MLS,New York City FC,Sean Johnson,Goalkeeper,30,75,217,27.120177777777776
821,MLS,Nashville SC,Alistair Johnston,Midfielder,21,71,170,23.70759769886927
822,MLS,Real Salt Lake,Alvin Jones,Defender,25,72,170,23.053626543209877
823,MLS,Seattle Sounders FC,Joevin Jones,Defender/Midfielder,28,71,160,22.31303312834755
824,MLS,New England Revolution,DeJuan Jones,Midfielder,22,69,165,24.363579080025204
825,MLS,San Jose Earthquakes,Florian Jungwirth,Defender,31,71,174,24.26542352707796
826,MLS,Houston Dynamo,Sam Junqua,Defender,23,72,170,23.053626543209877
827,MLS,Minnesota United FC,Brent Kallman,Defender,29,74,190,24.39189189189189
828,MLS,Colorado Rapids,Kei Kamara,Forward,35,75,190,23.74577777777778
829,MLS,D.C. United,Ola Kamara,Forward,30,72,181,24.545331790123456
830,MLS,Atlanta United FC,Alec Kann,Goalkeeper,29,76,190,23.125
831,MLS,Chicago Fire FC,Johan Kappelhof,Defender,29,71,165,23.01031541360841
832,MLS,San Jose Earthquakes,Guram Kashia,Defender,32,73,172,22.690185775942954
833,MLS,LA Galaxy,Aleksandar Katai,Midfielder,29,72,155,21.019483024691358
834,MLS,Los Angeles Football Club,Mark-Anthony Kaye,Midfielder,25,74,154,19.77027027027027
835,MLS,Columbus Crew SC,Aboubacar Keita,Defender,20,74,180,23.10810810810811
836,MLS,Colorado Rapids,Jeremy Kelly,Defender,22,70,145,20.803061224489795
837,MLS,Columbus Crew SC,Jon Kempin,Goalkeeper,27,73,170,22.426346406455245
838,MLS,New England Revolution,Henry Kessler,Defender,21,76,185,22.51644736842105
839,MLS,Vancouver Whitecaps FC,Jasser Khmiri,Defender,22,76,187,22.75986842105263
840,MLS,Inter Miami CF,Jerome Kiesewetter,Forward,27,72,180,24.40972222222222
841,MLS,Sporting Kansas City,Gadi Kinda,Midfielder,26,68,145,22.04476643598616
842,MLS,LA Galaxy,Perry Kitchen,Midfielder,28,72,160,21.69753086419753
843,MLS,LA Galaxy,Sacha Kljestan,Midfielder,34,73,155,20.44755113529743
844,MLS,New England Revolution,Brad Knighton,Goalkeeper,35,74,180,23.10810810810811
845,MLS,Real Salt Lake,Damir Kreilach,Midfielder,31,73,174,22.954025145430663
846,MLS,Montreal Impact,Bojan Krkic,Midfielder,29,67,150,23.490755179327245
847,MLS,Chicago Fire FC,Kenneth Kronholm,Goalkeeper,34,75,183,22.870933333333333
848,MLS,FC Cincinnati,Yuya Kubo,Forward,26,70,160,22.955102040816328
849,MLS,Atlanta United FC,Lagos Kunga,Midfielder/Forward,21,68,154,23.413062283737023
850,MLS,Nashville SC,Matt LaGrassa,Midfielder,27,72,174,23.596064814814813
851,MLS,Columbus Crew SC,Matt Lampson,Goalkeeper,30,75,200,24.995555555555555
852,MLS,Nashville SC,Cameron Lancaster,Forward,27,72,192,26.037037037037038
853,MLS,Montreal Impact,Lassi Lappalainen,Midfielder,21,72,175,23.73167438271605
854,MLS,Atlanta United FC,Jeff Larentowicz,Midfielder/Defender,36,73,175,23.085944830174515
855,MLS,Toronto FC,Richie Laryea,Defender,25,69,150,22.14870825456837
856,MLS,Nashville SC,Randall Leal,Midfielder,23,67,145,22.707730006683004
857,MLS,Seattle Sounders FC,Kelvin Leerdam,Defender,29,70,154,22.094285714285714
858,MLS,New York Red Bulls,Chris Lema,Midfielder,23,70,160,22.955102040816328
859,MLS,Atlanta United FC,Brooks Lennon,Defender,22,70,155,22.237755102040815
860,MLS,Colorado Rapids,Jonathan Lewis,Midfielder,22,67,150,23.490755179327245
861,MLS,Seattle Sounders FC,Danny Leyva,Midfielder,16,70,140,20.085714285714285
862,MLS,Inter Miami CF,Grant Lillard,Defender,24,76,195,23.73355263157895
863,MLS,San Jose Earthquakes,Nick Lima,Defender,25,69,177,26.135475740390675
864,MLS,Sporting Kansas City,Jaylin Lindsey,Defender,20,68,155,23.565095155709344
865,MLS,LA Galaxy,Sebastian Lletget,Midfielder,27,70,165,23.672448979591838
866,MLS,FC Cincinnati,Jurgen Locadia,Forward,26,74,174,22.33783783783784
867,MLS,Minnesota United FC,Robin Lod,Midfielder,27,71,168,23.42868478476493
868,MLS,Seattle Sounders FC,Nicolás Lodeiro,Midfielder,31,67,152,23.80396524838494
869,MLS,Orlando City SC,David Loera,Midfielder,21,65,143,23.793846153846154
870,MLS,New York Red Bulls,Aaron Long,Defender,27,73,175,23.085944830174515
871,MLS,LA Galaxy,Eric Lopez,Goalkeeper,21,72,165,22.375578703703702
872,MLS,San Jose Earthquakes,Marcos Lopez,Defender,20,69,148,21.853392144507456
873,MLS,Portland Timbers,Marvin Loria,Midfielder,23,70,170,24.389795918367348
874,MLS,Nashville SC,Daniel Lovitz,Defender,28,70,170,24.389795918367348
875,MLS,Houston Dynamo,Adam Lundkvist,Defender,26,69,143,21.11510186935518
876,MLS,FC Cincinnati,Ben Lundt,Goalkeeper,24,78,220,25.42077580539119
877,MLS,Portland Timbers,Larrys Mabiala,Defender,32,74,185,23.75
878,MLS,New York City FC,Gary Mackay-Steven,Midfielder,29,69,154,22.73934047469019
879,MLS,Real Salt Lake,Zac MacMath,Goalkeeper,28,74,190,24.39189189189189
880,MLS,Nashville SC,Jack Maher,Defender,20,75,175,21.871111111111112
881,MLS,Inter Miami CF,Christian Makoun,Defender/Midfielder,20,71,154,21.476294386034517
882,MLS,New England Revolution,Michael Mancienne,Defender,32,73,190,25.064740101332333
883,MLS,FC Cincinnati,Kekuta Manneh,Forward,25,69,140,20.67212770426381
884,MLS,San Jose Earthquakes,JT Marcinkowski,Goalkeeper,22,73,185,24.40514167761306
885,MLS,Houston Dynamo,Marko Maric,Goalkeeper,24,75,195,24.370666666666665
886,MLS,San Jose Earthquakes,Paul Marie,Defender,25,68,142,21.588667820069205
887,MLS,Toronto FC,Jahkeele Marshall-Rutty,Midfielder,15,67,141,22.081309868567608
888,MLS,Real Salt Lake,Douglas Martinez,Forward,22,72,132,17.900462962962962
889,MLS,Houston Dynamo,Tomas Martinez,Midfielder,25,68,145,22.04476643598616
890,MLS,Philadelphia Union,Jose Andres Martinez,Midfielder,25,69,152,22.44402436462928
891,MLS,D.C. United,Felipe,Midfielder,29,69,150,22.14870825456837
892,MLS,Sporting Kansas City,Luis Martins,Defender,27,69,150,22.14870825456837
893,MLS,New York City FC,Ronald Matarrita,Defender,25,69,154,22.73934047469019
894,MLS,FC Cincinnati,Darren Mattocks,Forward,29,70,155,22.237755102040815
895,MLS,FC Dallas,Jimmy Maurer,Goalkeeper,31,74,185,23.75
896,MLS,Toronto FC,Chris Mavinga,Defender,28,73,172,22.690185775942954
897,MLS,Philadelphia Union,Olivier Mbaizo,Defender,22,70,155,22.237755102040815
898,MLS,FC Cincinnati,Tommy McCabe,Midfielder,22,70,174,24.963673469387754
899,MLS,Inter Miami CF,John McCarthy,Goalkeeper,27,75,180,22.496
900,MLS,Nashville SC,Dax McCarty,Midfielder,33,69,150,22.14870825456837
901,MLS,Houston Dynamo,Erik McCue,Defender,19,75,185,23.12088888888889
902,MLS,New York Red Bulls,Kendall McIntosh,Goalkeeper,26,72,175,23.73167438271605
903,MLS,Philadelphia Union,Mark McKenzie,Defender,21,71,185,25.799444554651856
904,MLS,FC Cincinnati,Jimmy McLaughlin,Midfielder,27,68,150,22.80493079584775
905,MLS,Houston Dynamo,Thomas McNamara,Midfielder,29,69,170,25.101869355177485
906,MLS,New York Red Bulls,Ryan Meara,Goalkeeper,29,76,185,22.51644736842105
907,MLS,New York City FC,Jesus Medina,Midfielder,23,70,154,22.094285714285714
908,MLS,Chicago Fire FC,Alvaro Medran,Midfielder,26,68,156,23.71712802768166
909,MLS,Nashville SC,Jimmy Medranda ,Defender/Midfielder,26,65,150,24.958579881656803
910,MLS,FC Cincinnati,Haris Medunjanin,Midfielder,35,74,183,23.493243243243242
911,MLS,Sporting Kansas City,Tim Melia,Goalkeeper,33,73,190,25.064740101332333
912,MLS,Columbus Crew SC,Jonathan Mensah,Defender,29,74,183,23.493243243243242
913,MLS,Real Salt Lake,Justin Meram,Midfielder,31,73,165,21.76674798273597
914,MLS,Vancouver Whitecaps FC,Bryan Meredith,Goalkeeper,30,74,195,25.033783783783782
915,MLS,Minnesota United FC,Romain Metanire,Defender,30,70,159,22.811632653061224
916,MLS,Vancouver Whitecaps FC,Patrick Metcalfe,Midfielder,21,72,175,23.73167438271605
917,MLS,Colorado Rapids,Nicolas Mezquida,Midfielder,28,66,150,24.207988980716255
918,MLS,Orlando City SC,Benji Michel,Forward,22,70,165,23.672448979591838
919,MLS,Chicago Fire FC,Djordje Mihailovic,Midfielder,21,70,153,21.950816326530614
920,MLS,Vancouver Whitecaps FC,David Milinkovic,Midfielder,25,70,175,25.107142857142858
921,MLS,Nashville SC,Eric Miller,Defender,27,73,175,23.085944830174515
922,MLS,Minnesota United FC,Tyler Miller,Goalkeeper,27,76,195,23.73355263157895
923,MLS,Orlando City SC,Kamal Miller,Defender,22,72,185,25.087770061728396
924,MLS,New York Red Bulls,Ben Mines,Midfielder,19,69,140,20.67212770426381
925,MLS,New York City FC,Alexandru Mitrita,Midfielder,25,65,145,24.12662721893491
926,MLS,Columbus Crew SC,Youness Mokhtar,Midfielder,28,70,165,23.672448979591838
927,MLS,Minnesota United FC,Kevin Molino,Midfielder,29,71,145,20.221186272564967
928,MLS,Chicago Fire FC,Alex Monis,Forward,17,66,133,21.46441689623508
929,MLS,Philadelphia Union,Jamiro Monteiro,Midfielder,26,68,137,20.828503460207614
930,MLS,Vancouver Whitecaps FC,Fredy Montero,Forward,32,69,165,24.363579080025204
931,MLS,FC Dallas,Callum Montgomery,Defender,22,75,185,23.12088888888889
932,MLS,Colorado Rapids,Drew Moor,Defender,36,72,165,22.375578703703702
933,MLS,Portland Timbers,Felipe Mora,Forward,26,69,150,22.14870825456837
934,MLS,D.C. United,Joseph Mora,Defender,27,69,132,19.490863264020163
935,MLS,New York City FC,Maximiliano Moralez,Midfielder,33,63,115,20.369110607205844
936,MLS,Portland Timbers,Jorge Moreira,Defender,30,68,165,25.085423875432525
937,MLS,D.C. United,Junior Moreno,Midfielder,26,69,154,22.73934047469019
938,MLS,Real Salt Lake,Ashtone Morgan,Defender,29,69,156,23.034656584751104
939,MLS,Inter Miami CF,Lewis Morgan,Midfielder,23,70,163,23.385510204081633
940,MLS,Columbus Crew SC,Aidan Morris,Midfielder,18,70,158,22.668163265306124
941,MLS,Seattle Sounders FC,Jordan Morris,Forward,25,71,185,25.799444554651856
942,MLS,Toronto FC,Justin Morrow,Defender,32,69,153,22.591682419659737
943,MLS,FC Dallas,Santiago Mosquera,Midfielder,25,66,185,29.85651974288338
944,MLS,Orlando City SC,Joao Moutinho,Defender,22,72,156,21.15509259259259
945,MLS,Orlando City SC,Chris Mueller,Midfielder,23,69,169,24.954211300147026
946,MLS,Nashville SC,Hany Mukhtar,Midfielder,25,68,156,23.71712802768166
947,MLS,Vancouver Whitecaps FC,Georges Mukumbilwa,Midfielder/Defender,20,71,160,22.31303312834755
948,MLS,Real Salt Lake,Luke Mulholland,Midfielder,31,69,150,22.14870825456837
949,MLS,Toronto FC,Patrick Mullins,Forward,28,73,175,23.085944830174515
950,MLS,FC Dallas,Eddie Munjoma,Defender,21,70,155,22.237755102040815
951,MLS,Minnesota United FC,James Musa,Midfielder,28,72,170,23.053626543209877
952,MLS,Seattle Sounders FC,Trey Muse,Goalkeeper,20,76,195,23.73355263157895
953,MLS,Los Angeles Football Club,Danny Musovski,Forward,24,72,160,21.69753086419753
954,MLS,New York Red Bulls,Alex Muyl,Midfielder,24,71,175,24.404879984130133
955,MLS,Columbus Crew SC,Darlington Nagbe,Midfielder,29,69,165,24.363579080025204
956,MLS,Colorado Rapids,Younes Namli,Midfielder,25,71,154,21.476294386034517
957,MLS,Chicago Fire FC,Miguel Angel Navarro,Defender,21,68,146,22.19679930795848
958,MLS,Nashville SC,Miguel Nazarit,Defender,22,73,172,22.690185775942954
959,MLS,FC Cincinnati,Hassan Ndam,Defender,21,76,195,23.73355263157895
960,MLS,Inter Miami CF,Dylan Nealis,Defender,21,71,175,24.404879984130133
961,MLS,New York Red Bulls,Sean Nealis,Defender,23,76,185,22.51644736842105
962,MLS,Houston Dynamo,Michael Nelson,Goalkeeper,25,76,180,21.907894736842106
963,MLS,Toronto FC,Jayden Nelson,Midfielder,17,67,145,22.707730006683004
964,MLS,FC Dallas,John Nelson,Defender,21,69,160,23.625288804872927
965,MLS,Vancouver Whitecaps FC,Jake Nerwinski,Defender,25,72,175,23.73167438271605
966,MLS,Philadelphia Union,Michee Ngalina,Forward,20,71,150,20.91846855782583
967,MLS,Inter Miami CF,Lee Nguyen,Midfielder,33,68,150,22.80493079584775
968,MLS,Colorado Rapids,Sam Nicholson,Midfielder,25,69,157,23.18231463978156
969,MLS,Portland Timbers,Jaroslaw Niezgoda,Forward,25,73,170,22.426346406455245
970,MLS,Inter Miami CF,David Norman Jr.,Midfielder,21,74,180,23.10810810810811
971,MLS,D.C. United,Moses Nyeman,Midfielder,16,65,135,22.462721893491125
972,MLS,Seattle Sounders FC,Shane O'Neill,Defender,26,74,190,24.39189189189189
973,MLS,Seattle Sounders FC,Alfonso Ocampo-Chavez,Forward,18,70,142,20.37265306122449
974,MLS,San Jose Earthquakes,Emmanuel Ochoa,Goalkeeper,14,74,150,19.256756756756758
975,MLS,Real Salt Lake,David Ochoa,Goalkeeper,19,74,175,22.466216216216218
976,MLS,D.C. United,Chris Odoi-Atsem,Defender,24,70,150,21.520408163265305
977,MLS,Toronto FC,Noble Okello,Midfielder,19,76,170,20.69078947368421
978,MLS,Montreal Impact,Orji Okwonkwo,Midfielder,22,68,160,24.325259515570934
979,MLS,Chicago Fire FC,Wyatt Omsberg,Defender,24,76,180,21.907894736842106
980,MLS,FC Dallas,Zdenek Ondrasek,Forward,31,73,174,22.954025145430663
981,MLS,Real Salt Lake,Nedum Onuoha,Defender,33,72,210,28.47800925925926
982,MLS,Minnesota United FC,Ike Opara,Defender,31,74,180,23.10810810810811
983,MLS,Philadelphia Union,Matej Oravec,Midfielder,22,72,165,22.375578703703702
984,MLS,FC Cincinnati,Rey Ortiz,Midfielder,23,65,135,22.462721893491125
985,MLS,Toronto FC,Jonathan Osorio,Midfielder,27,69,161,23.77294685990338
986,MLS,Vancouver Whitecaps FC,Leonard Owusu,Midfielder,22,71,160,22.31303312834755
987,MLS,Los Angeles Football Club,Diego Palacios,Defender,20,67,143,22.394519937625308
988,MLS,Houston Dynamo,Marcelo Palomino,Midfielder,18,66,155,25.014921946740127
989,MLS,Nashville SC,Elliot Panicco,Goalkeeper,23,77,205,24.306797099004893
990,MLS,Montreal Impact,James Pantemis,Goalkeeper,23,74,168,21.56756756756757
991,MLS,D.C. United,Kevin Paredes,Midfielder,16,66,120,19.366391184573004
992,MLS,Portland Timbers,Cristhian Paredes,Midfielder,21,72,155,21.019483024691358
993,MLS,New York Red Bulls,Tim Parker,Defender,27,74,195,25.033783783783782
994,MLS,New York City FC,Keaton Parks,Midfielder,22,75,178,22.246044444444443
995,MLS,Orlando City SC,Santiago Patiño,Forward,23,73,192,25.328579470820042
996,MLS,Seattle Sounders FC,João Paulo,Midfielder,29,66,155,25.014921946740127
997,MLS,LA Galaxy,Cristian Pavon,Forward,24,67,143,22.394519937625308
998,MLS,Vancouver Whitecaps FC,Damiano Pecile,Midfielder,18,72,160,21.69753086419753
999,MLS,Inter Miami CF,Matias Pellegrini,Midfielder,20,69,146,21.558076034446543
1000,MLS,Houston Dynamo,Ronaldo Peña,Forward,23,73,172,22.690185775942954
1001,MLS,New England Revolution,Cristian Penilla,Forward,28,69,165,24.363579080025204
1002,MLS,FC Dallas,Ricardo Pepi,Forward,17,73,170,22.426346406455245
1003,MLS,Orlando City SC,Mauricio Pereyra,Midfielder,30,67,145,22.707730006683004
1004,MLS,Los Angeles Football Club,Adrien Perez,Forward,24,72,170,23.053626543209877
1005,MLS,LA Galaxy,Jonathan Perez,Midfielder,17,66,135,21.787190082644628
1006,MLS,FC Cincinnati,Tom Pettersson,Defender,30,75,183,22.870933333333333
1007,MLS,Toronto FC,Pablo Piatti,Midfielder,31,64,139,23.856689453125
1008,MLS,FC Dallas,Fafa Picault,Forward,29,68,168,25.541522491349482
1009,MLS,Montreal Impact,Samuel Piette,Midfielder,25,67,174,27.249276008019603
1010,MLS,Chicago Fire FC,Mauricio Pineda,Defender/Midfielder,22,73,171,22.558266091199098
1011,MLS,D.C. United,Donovan Pines,Defender,22,77,195,23.12109967954124
1012,MLS,Inter Miami CF,Rodolfo Pizarro,Midfielder,26,69,156,23.034656584751104
1013,MLS,Portland Timbers,Andy Polo,Midfielder,25,68,155,23.565095155709344
1014,MLS,FC Dallas,Paxton Pomykal,Midfielder,20,67,145,22.707730006683004
1015,MLS,Real Salt Lake,Justin Portillo ,Midfielder,27,66,134,21.625803489439853
1016,MLS,Inter Miami CF,Alvas Powell,Defender,25,72,165,22.375578703703702
1017,MLS,Toronto FC,Alejandro Pozuelo,Midfielder,28,67,140,21.92470483403876
1018,MLS,Colorado Rapids,Jack Price,Midfielder,27,67,152,23.80396524838494
1019,MLS,Philadelphia Union,Kacper Przybylko,Forward,27,76,194,23.611842105263158
1020,MLS,Sporting Kansas City,Alan Pulido,Forward,29,69,150,22.14870825456837
1021,MLS,Sporting Kansas City,John Pulskamp,Goalkeeper,19,74,190,24.39189189189189
1022,MLS,Sporting Kansas City,Roberto Puncec,Defender,28,73,176,23.21786451491837
1023,MLS,Real Salt Lake,Andrew Putna,Goalkeeper,25,74,180,23.10810810810811
1024,MLS,San Jose Earthquakes,Vako,Midfielder,27,69,163,24.068262969964294
1025,MLS,Houston Dynamo,Darwin Quintero,Forward,32,65,142,23.627455621301774
1026,MLS,Inter Miami CF,Jairo Quinteros,Defender,19,73,175,23.085944830174515
1027,MLS,Montreal Impact,Jukka Raitala,Defender,31,71,174,24.26542352707796
1028,MLS,Houston Dynamo,Christian Ramirez,Forward,29,74,187,24.006756756756758
1029,MLS,Real Salt Lake,Jeizon Ramirez,Forward,19,67,132,20.671864557807975
1030,MLS,Minnesota United FC,Greg Ranjitsingh,Goalkeeper,26,75,195,24.370666666666665
1031,MLS,Vancouver Whitecaps FC,Ryan Raposo,Midfielder,21,67,142,22.237914903096456
1032,MLS,Colorado Rapids,Andre Rawls,Goalkeeper,28,74,182,23.364864864864863
1033,MLS,Philadelphia Union,Matthew Real,Defender,20,71,162,22.591946042451895
1034,MLS,FC Cincinnati,Adrien Regattin,Midfielder,28,66,148,23.885215794306703
1035,MLS,Sporting Kansas City,Winston Reid,Defender,31,75,190,23.74577777777778
1036,MLS,New England Revolution,Justin Rennicks,Forward,21,71,165,23.01031541360841
1037,MLS,Inter Miami CF,Andres Reyes,Defender,20,72,180,24.40972222222222
1038,MLS,Vancouver Whitecaps FC,Yordy Reyna,Midfielder/Forward,26,67,145,22.707730006683004
1039,MLS,FC Dallas,Bryan Reynolds,Defender,18,75,170,21.246222222222222
1040,MLS,Chicago Fire FC,Andre Reynolds II,Defender,18,69,155,22.886998529720646
1041,MLS,FC Cincinnati,Spencer Richey,Goalkeeper,27,74,195,25.033783783783782
1042,MLS,Vancouver Whitecaps FC,Tosaint Ricketts,Forward,32,71,170,23.70759769886927
1043,MLS,New York City FC,Alexander Ring,Midfielder,29,68,159,24.173226643598618
1044,MLS,San Jose Earthquakes,Andres Rios,Forward,30,70,172,24.676734693877552
1045,MLS,Nashville SC,Daniel Rios,Forward,25,73,185,24.40514167761306
1046,MLS,New England Revolution,Damian Rivera,Midfielder,17,70,160,22.955102040816328
1047,MLS,FC Dallas,Thomas Roberts,Midfielder,18,71,150,20.91846855782583
1048,MLS,Inter Miami CF,Robbie Robinson,Forward,21,74,170,21.824324324324323
1049,MLS,Atlanta United FC,Miles Robinson,Defender,23,74,185,23.75
1050,MLS,Inter Miami CF,Luis Robles,Goalkeeper,35,72,200,27.121913580246915
1051,MLS,New York City FC,Tony Rocha,Midfielder,26,69,166,24.511237135055662
1052,MLS,Colorado Rapids,Abraham Rodriguez,Goalkeeper,17,69,165,24.363579080025204
1053,MLS,Los Angeles Football Club,Brian Rodriguez,Forward,19,68,150,22.80493079584775
1054,MLS,Chicago Fire FC,Allan Rodriguez,Midfielder,15,66,153,24.69214876033058
1055,MLS,Houston Dynamo,Memo Rodriguez,Midfielder,24,68,142,21.588667820069205
1056,MLS,Seattle Sounders FC,Alex Roldan,Defender,23,70,155,22.237755102040815
1057,MLS,Seattle Sounders FC,Cristian Roldan,Midfielder,24,68,165,25.085423875432525
1058,MLS,Toronto FC,Rocco Romeo,Defender,20,74,162,20.7972972972973
1059,MLS,New York Red Bulls,Alejandro Romero Gamarra,Midfielder,25,67,150,23.490755179327245
1060,MLS,Nashville SC,Dave Romney,Defender,26,74,190,24.39189189189189
1061,MLS,Columbus Crew SC,Eloy Room,Goalkeeper,31,74,179,22.97972972972973
1062,MLS,Vancouver Whitecaps FC,Andy Rose,Midfielder,30,74,175,22.466216216216218
1063,MLS,Orlando City SC,Oriol Rosell,Midfielder,27,72,168,22.78240740740741
1064,MLS,Colorado Rapids,Keegan Rosenberry,Defender,26,68,160,24.325259515570934
1065,MLS,Real Salt Lake,Giuseppe Rossi,Forward,33,68,159,24.173226643598618
1066,MLS,Los Angeles Football Club,Diego Rossi,Forward,22,67,146,22.864335041211852
1067,MLS,New England Revolution,Kelyn Rowe,Midfielder,28,68,150,22.80493079584775
1068,MLS,Orlando City SC,Brian Rowe ,Goalkeeper,31,73,185,24.40514167761306
1069,MLS,New York Red Bulls,Daniel Royer,Midfielder,29,70,160,22.955102040816328
1070,MLS,Colorado Rapids,Diego Rubio,Forward,26,71,170,23.70759769886927
1071,MLS,Seattle Sounders FC,Raul Ruidiaz ,Forward,29,67,145,22.707730006683004
1072,MLS,Real Salt Lake,Pablo Ruiz,Midfielder,21,67,145,22.707730006683004
1073,MLS,Real Salt Lake,Albert Rusnak,Midfielder,25,69,161,23.77294685990338
1074,MLS,Sporting Kansas City,Johnny Russell,Midfielder,30,70,168,24.102857142857143
1075,MLS,Colorado Rapids,Abdul Rwatubyaye,Defender,23,73,175,23.085944830174515
1076,MLS,New York Red Bulls,Marc Rzatkowski,Midfielder,30,67,143,22.394519937625308
1077,MLS,Montreal Impact,Steeven Saba,Midfielder,27,67,165,25.83983069725997
1078,MLS,Houston Dynamo,Michael Salazar,Forward,27,71,165,23.01031541360841
1079,MLS,San Jose Earthquakes,Shea Salinas,Defender,33,70,150,21.520408163265305
1080,MLS,Sporting Kansas City,Daniel Salloi,Forward,23,73,150,19.787952711578157
1081,MLS,Sporting Kansas City,Ilie Sanchez,Midfielder,29,71,170,23.70759769886927
1082,MLS,Sporting Kansas City,Richard Sanchez,Goalkeeper,26,75,197,24.620622222222224
1083,MLS,New York City FC,James Sands,Defender/Midfielder,19,71,162,22.591946042451895
1084,MLS,FC Dallas,Thiago Santos,Midfielder,30,71,167,23.289228327712756
1085,MLS,Columbus Crew SC,Pedro Santos,Midfielder,32,66,139,22.43273645546373
1086,MLS,Philadelphia Union,Sergio Santos,Forward,25,72,181,24.545331790123456
1087,MLS,Chicago Fire FC,CJ Sapong,Forward,31,73,185,24.40514167761306
1088,MLS,Real Salt Lake,Tate Schmitt,Forward,22,71,161,22.45248958539972
1089,MLS,Minnesota United FC,Aaron Schoenfeld ,Forward,30,76,190,23.125
1090,MLS,New York Red Bulls,Patrick Seagrist,Defender,22,72,170,23.053626543209877
1091,MLS,FC Dallas,Dante Sealy,Forward,17,70,135,19.368367346938776
1092,MLS,D.C. United,Ulises Segura,Midfielder,26,72,154,20.883873456790123
1093,MLS,Los Angeles Football Club,Eddie Segura,Defender,23,69,155,22.886998529720646
1094,MLS,D.C. United,Chris Seitz,Goalkeeper,33,75,236,29.494755555555557
1095,MLS,Montreal Impact,Amar Sejdic,Midfielder,23,70,158,22.668163265306124
1096,MLS,FC Dallas,Brandon Servania,Midfielder,21,70,160,22.955102040816328
1097,MLS,Toronto FC,Jacob Shaffelburg,Midfielder,20,70,150,21.520408163265305
1098,MLS,Sporting Kansas City,Khiry Shelton,Forward,26,75,185,23.12088888888889
1099,MLS,Colorado Rapids,Andre Shinyashiki,Forward,22,69,150,22.14870825456837
1100,MLS,Seattle Sounders FC,Harry Shipp,Midfielder,28,69,145,21.41041797941609
1101,MLS,Montreal Impact,Shamit Shome,Midfielder,22,69,155,22.886998529720646
1102,MLS,Chicago Fire FC,Bobby Shuttleworth,Goalkeeper,32,74,205,26.31756756756757
1103,MLS,Real Salt Lake,Marcelo Silva,Defender,31,74,181,23.236486486486488
1104,MLS,San Jose Earthquakes,Judson,Midfielder,26,66,143,23.078282828282827
1105,MLS,New York Red Bulls,Josh Sims,Midfielder,23,68,148,22.500865051903116
1106,MLS,New England Revolution,Seth Sinovic,Defender,33,70,170,24.389795918367348
1107,MLS,Montreal Impact,Jonathan Sirois,Goalkeeper,18,72,163,22.104359567901234
1108,MLS,Los Angeles Football Club,Pablo Sisniega,Goalkeeper,24,75,175,21.871111111111112
1109,MLS,Columbus Crew SC,Axel Sjöberg,Defender,29,79,210,23.65486300272392
1110,MLS,LA Galaxy,Jorgen Skjelvik,Defender,28,72,170,23.053626543209877
1111,MLS,Chicago Fire FC,Gabriel Slonina,Goalkeeper,15,76,196,23.855263157894736
1112,MLS,Chicago Fire FC,Nicholas Slonina,Defender,19,75,200,24.995555555555555
1113,MLS,Orlando City SC,Kyle Smith,Defender,28,71,180,25.102162269390995
1114,MLS,Sporting Kansas City,Graham Smith,Defender,24,75,186,23.245866666666668
1115,MLS,D.C. United,Erik Sorga,Forward,20,69,166,24.511237135055662
1116,MLS,Chicago Fire FC,Connor Sparrow,Goalkeeper,25,74,175,22.466216216216218
1117,MLS,Minnesota United FC,Dayne St. Clair,Goalkeeper,22,75,165,20.621333333333332
1118,MLS,Orlando City SC,Mason Stajduhar,Goalkeeper,22,74,190,24.39189189189189
1119,MLS,FC Cincinnati,Caleb Stanko,Midfielder,26,71,179,24.96270581233882
1120,MLS,LA Galaxy,Daniel Steres ,Defender,29,72,175,23.73167438271605
1121,MLS,Chicago Fire FC,Luka Stojanovic,Midfielder,26,74,183,23.493243243243242
1122,MLS,New York Red Bulls,Jared Stroud,Midfielder,23,70,160,22.955102040816328
1123,MLS,Houston Dynamo,Aljaz Struna,Defender,29,74,185,23.75
1124,MLS,New York City FC,Brad Stuver,Goalkeeper,29,75,180,22.496
1125,MLS,Seattle Sounders FC,Gustav Svensson,Midfielder/Defender,33,72,155,21.019483024691358
1126,MLS,Inter Miami CF,Ben Sweat,Defender,28,74,175,22.466216216216218
1127,MLS,Montreal Impact,Ballou Jean-Yves Tabla,Midfielder,21,69,154,22.73934047469019
1128,MLS,Montreal Impact,Saphir Taider,Midfielder,28,70,160,22.955102040816328
1129,MLS,New York City FC,Ismael Tajouri-Shradi,Midfielder,26,66,141,22.755509641873278
1130,MLS,Columbus Crew SC,Andrew Tarbell,Goalkeeper,26,75,194,24.24568888888889
1131,MLS,New York Red Bulls,Amro Tarek,Defender,27,75,194,24.24568888888889
1132,MLS,Vancouver Whitecaps FC,Russell Teibert,Midfielder,27,68,150,22.80493079584775
1133,MLS,FC Dallas,Tanner Tessmann,Midfielder,18,74,190,24.39189189189189
1134,MLS,San Jose Earthquakes,Tommy Thompson,Defender,24,67,145,22.707730006683004
1135,MLS,New York City FC,Gudmundur Thórarinsson,Defender,28,70,170,24.389795918367348
1136,MLS,New York City FC,Anton Tinnerholm,Defender,29,69,150,22.14870825456837
1137,MLS,Real Salt Lake,Donny Toia,Defender,27,68,160,24.325259515570934
1138,MLS,Seattle Sounders FC,Nouhou Tolo,Defender,22,70,175,25.107142857142858
1139,MLS,New York City FC,Juan Pablo Torres,Midfielder,20,68,162,24.62932525951557
1140,MLS,Inter Miami CF,Roman Torres,Defender,34,74,195,25.033783783783782
1141,MLS,Minnesota United FC,Mason Toye,Forward,21,75,180,22.496
1142,MLS,LA Galaxy,Diedie Traore,Defender,21,72,180,24.40972222222222
1143,MLS,Inter Miami CF,Wil Trapp,Midfielder,27,68,150,22.80493079584775
1144,MLS,Nashville SC,Ken Tribbett,Defender,27,74,170,21.824324324324323
1145,MLS,Portland Timbers,Bill Tuiloma,Defender,25,70,175,25.107142857142858
1146,MLS,New England Revolution,Matt Turner,Goalkeeper,25,75,175,21.871111111111112
1147,MLS,Philadelphia Union,Cole Turner,Midfielder,18,73,175,23.085944830174515
1148,MLS,FC Dallas,Ema Twumasi,Forward,22,68,160,24.325259515570934
1149,MLS,FC Cincinnati,Przemyslaw Tyton,Goalkeeper,33,77,195,23.12109967954124
1150,MLS,Inter Miami CF,Victor Ulloa,Midfielder,28,71,165,23.01031541360841
1151,MLS,Inter Miami CF,Denso Ulysse,Defender,21,68,133,20.22037197231834
1152,MLS,Montreal Impact,Maximiliano Urruti,Forward,29,72,165,22.375578703703702
1153,MLS,Houston Dynamo,Zarek Valentin,Defender,28,71,156,21.75520730013886
1154,MLS,Columbus Crew SC,Milton Valenzuela,Defender,21,66,145,23.40105601469238
1155,MLS,Portland Timbers,Diego Valeri,Midfielder,33,70,165,23.672448979591838
1156,MLS,New York Red Bulls,Florian Valot,Midfielder,27,69,153,22.591682419659737
1157,MLS,FC Cincinnati,Maikel van der Werff,Defender,31,73,181,23.877462938637642
1158,MLS,Real Salt Lake,Julian Vazquez,Forward,19,71,145,20.221186272564967
1159,MLS,FC Cincinnati,Brandon Vazquez,Forward,21,75,175,21.871111111111112
1160,MLS,San Jose Earthquakes,Daniel Vega,Goalkeeper,35,74,200,25.675675675675677
1161,MLS,Houston Dynamo,Matias Vera,Midfielder,24,67,155,24.273780351971485
1162,MLS,Los Angeles Football Club,Kenneth Vermeer,Goalkeeper,34,72,175,23.73167438271605
1163,MLS,Vancouver Whitecaps FC,Ranko Veselinovic,Defender,21,74,170,21.824324324324323
1164,MLS,Portland Timbers,Jorge Villafaña,Defender,30,69,150,22.14870825456837
1165,MLS,Colorado Rapids,Sam Vines,Defender,20,70,150,21.520408163265305
1166,MLS,Colorado Rapids,Will Vint,Midfielder,18,74,174,22.33783783783784
1167,MLS,LA Galaxy,Justin Vom Steeg,Goalkeeper,23,76,200,24.342105263157894
1168,MLS,Philadelphia Union,Kai Wagner,Defender,23,72,172,23.324845679012345
1169,MLS,San Jose Earthquakes,Casey Walls,Defender,17,74,173,22.20945945945946
1170,MLS,Sporting Kansas City,Wan Kuzain Wan Kamal,Midfielder,21,70,160,22.955102040816328
1171,MLS,Montreal Impact,Victor Wanyama,Midfielder,28,74,175,22.466216216216218
1172,MLS,Nashville SC,Taylor Washington,Defender,26,70,174,24.963673469387754
1173,MLS,FC Cincinnati,Kendall Waston,Defender,32,77,195,23.12109967954124
1174,MLS,Montreal Impact,Joel Waterman,Defender,24,74,165,21.18243243243243
1175,MLS,Toronto FC,Quentin Westberg,Goalkeeper,34,73,174,22.954025145430663
1176,MLS,New York Red Bulls,Brian White,Forward,24,70,170,24.389795918367348
1177,MLS,LA Galaxy,Gordon Wild,Midfielder,24,70,172,24.676734693877552
1178,MLS,Atlanta United FC,JJ Williams,Forward,22,76,200,24.342105263157894
1179,MLS,Columbus Crew SC,Josh Williams,Defender,32,74,192,24.64864864864865
1180,MLS,Portland Timbers,Eryk Williamson,Midfielder,22,69,155,22.886998529720646
1181,MLS,Nashville SC,Joe Willis,Goalkeeper,31,77,189,22.409681227863047
1182,MLS,Colorado Rapids,Danny Wilson,Defender,28,74,174,22.33783783783784
1183,MLS,Nashville SC,Alan Winn,Forward,24,70,165,23.672448979591838
1184,MLS,San Jose Earthquakes,Chris Wondolowski,Forward,37,72,165,22.375578703703702
1185,MLS,Philadelphia Union,Andrew Wooten,Forward,30,73,187,24.668981047100768
1186,MLS,Columbus Crew SC,Vito Wormgoor,Defender,31,74,179,22.97972972972973
1187,MLS,Los Angeles Football Club,Bradley Wright-Phillips,Forward,35,68,155,23.565095155709344
1188,MLS,Colorado Rapids,Deklan Wynne,Defender,25,70,165,23.672448979591838
1189,MLS,Montreal Impact,Karifa Yao,Defender,19,74,178,22.85135135135135
1190,MLS,Colorado Rapids,William Yarbrough,Goalkeeper,31,74,141,18.10135135135135
1191,MLS,D.C. United,Griffin Yow,Forward,17,67,135,21.14167966139452
1192,MLS,San Jose Earthquakes,Jackson Yueill,Midfielder,23,70,165,23.672448979591838
1193,MLS,New England Revolution,Wilfried Zahibo,Midfielder,26,74,175,22.466216216216218
1194,MLS,Portland Timbers,Renzo Zambrano,Midfielder,25,67,150,23.490755179327245
1195,MLS,Columbus Crew SC,Gyasi Zardes,Forward,28,73,187,24.668981047100768
1196,MLS,Toronto FC,Eriq Zavaleta,Defender,27,73,185,24.40514167761306
1197,MLS,New York City FC,Gedion Zelalem,Midfielder,23,71,155,21.61575084308669
1198,MLS,Columbus Crew SC,Lucas Zelarayan,Midfielder,27,68,155,23.565095155709344
1199,MLS,Nashville SC,Adrian Zendejas,Goalkeeper,24,77,185,21.935402260077584
1200,MLS,FC Dallas,Reto Ziegler,Defender,34,72,176,23.867283950617285
1201,MLS,Nashville SC,Walker Zimmerman,Defender,26,75,185,23.12088888888889
1202,MLS,FC Dallas,Kyle Zobeck,Goalkeeper,30,72,180,24.40972222222222
1203,MLS,LA Galaxy,Ethan Zubak,Forward,22,72,165,22.375578703703702
1204,MLS,Portland Timbers,Dario Zuparic,Defender,27,73,185,24.40514167761306
1205,MLS,Sporting Kansas City,Graham Zusi,Defender,33,70,160,22.955102040816328
